"movie_id","movie_title","movie_score","movie_pubdate","movie_type","movie_actors","movie_director"
"1652592","阿丽塔：战斗天使 Alita: Battle Angel","8","2019-02-22(中国大陆) 2019-02-05(台湾) 2019-02-14(美国)","动作 科幻 冒险","罗莎·萨拉查 克里斯托弗·沃尔兹 基恩·约翰逊 艾德·斯克林 马赫沙拉·阿里 詹妮弗·康纳利 杰基·厄尔·哈利 拉娜·康多 小豪尔赫·兰登伯格 艾莎·冈萨雷斯 卡斯帕·凡·迪恩 米歇尔·罗德里格兹 爱德华·诺顿 杰夫·法赫 山姆·麦地那 德里克·梅耶斯 艾丽·拉蒙特 豪尔赫·A·希门尼斯 马克·扎罗 比利·布莱尔 伦纳德·吴 特里斯坦·里格斯 迈克尔·洛夫·托利弗 金 达塞尔·丹妮尔 马克·A·怀特","罗伯特·罗德里格兹"
"1945750","污垢 The Dirt","8","2019-03-22(美国)","音乐 传记","道格拉斯·布斯 机关枪凯利 丹尼尔·韦伯 伊万·瑞恩 约书亚·米克尔 莱文·兰宾 Kabby Borders Kristin Brock","杰夫·特里梅因"
"1950330","罗马 Roma","8","2019-04(中国大陆) 2018-08-30(威尼斯电影节) 2018-12-14(美国)","剧情 家庭","雅利扎·阿巴里西奥 玛丽娜·德·塔维拉 迭戈·科蒂娜·奥特里 卡洛斯·佩拉尔塔 马科·格拉夫 丹妮拉·德米萨 南茜·加西亚 维罗妮卡·加西亚 安迪·科特斯 费尔南多·格雷迪亚加 豪尔赫·安东尼奥·格雷罗 拉丁·洛弗","阿方索·卡隆"
"3026559","登月第一人 First Man","8","2018-08-29(威尼斯电影节) 2018-10-12(美国)","剧情 传记 历史","瑞恩·高斯林 克莱尔·芙伊 杰森·克拉克 凯尔·钱德勒 寇瑞·斯托尔 派屈克·福吉特 克里斯托弗·阿波特 塞伦·希德 奥莉维亚·汉密尔顿 巴勃罗·施瑞博尔 谢伊·惠格姆 卢卡斯·哈斯 伊桑·恩布里 布莱恩·达西·詹姆斯 科里·迈克尔·史密斯 克里斯·斯万博格","达米恩·查泽雷"
"3059389","漂亮男孩 Beautiful Boy","6","2018-09-07(多伦多电影节) 2018-10-12(美国)","剧情","史蒂夫·卡瑞尔 蒂莫西·柴勒梅德 毛拉·蒂尔内 克里斯蒂安·康佛瑞 凯特琳·德弗 艾米·莱安 斯戴芬妮·斯考特 朱利安·沃克斯 杰克·迪伦·格雷泽 艾米·福赛思 安德烈·罗佑  曼迪娅·弗罗里 蒂莫西·赫顿 爱德华德·弗莱彻 丽莎·盖伊·汉密尔顿 迈克尔·帕特里克·麦克吉尔 汤姆·蔡 山姆·狄龙 埃米·阿奎诺 汤姆·贝耶 朱利安·克鲁瑟 约翰·洛巴托 安东尼·斯诺 艾蒂安·维克 大卫·门登霍尔 Oakley Bull Kue Lawrence Ricky Low Mary Pat Farrell Jeff Adler Sasha Kelly Jackson Carlton Wilborn Nikki Snipper Martha T. Newman Brooklin Thacher Frederick Lawrence Anastasia Leddick Minerva García Seann Gallagher Rodney J. Hobbs","菲力斯·范·古宁根"
"3095514","阴风阵阵 Suspiria","7","2018-09-01(威尼斯电影节) 2018-11-02(美国)","惊悚 恐怖","达科塔·约翰逊 蒂尔达·斯文顿 科洛·莫瑞兹 米娅·高斯 杰西卡·哈珀 西尔维·泰斯蒂 安吉拉·温科勒 玛高莎·贝拉 英格丽·卡文","卢卡·瓜达尼诺"
"3148663","福尔摩斯与华生 Holmes and Watson","4","2018-12-21(美国)","喜剧 悬疑 犯罪","威尔·法瑞尔 约翰·C·赖利 丽贝卡·豪尔 拉尔夫·费因斯 休·劳瑞 凯莉·麦克唐纳 劳伦·拉普库斯 贝拉·拉姆齐 帕姆·费里斯 罗伯·布莱顿 克瑞恩·奥伯里恩 诺亚·尤佩 迈克尔·卡尔金","伊坦·柯亨"
"3168101","毒液：致命守护者 Venom","7","2018-11-09(中国大陆) 2018-10-05(美国)","动作 科幻 惊悚","汤姆·哈迪 米歇尔·威廉姆斯 里兹·阿迈德 斯科特·黑兹  瑞德·斯科特 珍妮·斯蕾特 梅洛拉·沃尔特斯 伍迪·哈里森 佩吉·陆 马尔科姆·C·默里 索佩·阿卢科 韦恩·佩雷 米歇尔·李 库尔特·岳 克里斯·奥哈拉 埃米里奥·瑞弗拉 阿里亚当娜·约瑟夫 袁之正 朴云龙 麦克·勃兰特 尼克·图恩 山姆·麦地那 迪塞尔·马德金斯 简·麦克尼尔 维克托·麦凯 马丁·巴特斯·布拉德福德 布兰顿·莫拉莱斯 马修·康威尔 斯坦·李 韦德·威廉姆斯 约瑟夫·阿梅 威廉·W·巴伯 玛塞拉·布拉吉奥 卡特·伯奇 克里斯蒂安·康佛瑞 詹姆斯·富尔特斯 丹妮拉·加斯基 约翰·盖蒂尔 艾米丽塔·T·冈萨雷斯 杰克·汉森 安东尼·B·哈里斯 卡茜·亨德利 罗恩·彼得·琼斯 霍梅洛·洛佩兹 万恩·姆约维奇","鲁本·弗雷斯彻"
"3878007","海王 Aquaman","8","2018-12-07(中国大陆) 2018-12-21(美国)","动作 奇幻 冒险","杰森·莫玛 艾梅柏·希尔德 威廉·达福 帕特里克·威尔森 妮可·基德曼 杜夫·龙格尔 叶海亚·阿卜杜勒-迈丁 特穆拉·莫里森 林路迪 迈克尔·比奇 兰道尔·朴 格拉汉姆·麦克泰维什 雷·沃纳尔 泰努伊·柯克伍德 塔穆尔·柯克伍德 丹泽尔·夸克 卡恩·古尔杜尔 奥蒂斯·丹吉 克考亚·克库毛诺 朱莉·安德鲁斯 约翰·瑞斯-戴维斯 杰曼·翰苏 索菲亚·福雷斯特 娜塔莉亚·姗福瑞 杰克·安德鲁 汉克·阿莫斯 帕特里克·考克斯 罗伯特·朗斯特里特 德维卡·帕利赫 梅布尔·塔莫内 文森特·B·拉戈斯 加布里埃拉·佩特科娃 爱丽丝·兰斯伯里 帕特里克·艾奇逊 约翰·盖蒂尔 塔丽亚·杰德·霍尔特 罗斯·克纳汉 布拉登·刘易斯 萨尔瓦多·梅伦达 山姆·莫纳汉 温妮·穆赞贝 凯·潘塔诺 安娜·帕奇 乔恩·奎斯蒂德 迪伦·斯图默 米奇·武尔夫","温子仁"
"3927789","三方国界 Triple Frontier","6","2019-03-13(美国)","动作 犯罪 冒险","本·阿弗莱克 查理·汉纳姆 佩德罗·帕斯卡 奥斯卡·伊萨克 亚德里亚·霍纳 加内特·赫德兰 希拉·凡德 雷纳尔多·加列戈斯 克里斯汀·霍恩 穆罕默德·哈肯沙迪 迈克尔·本杰明·埃尔南德斯 佩德罗·洛佩兹 肖恩·麦克布莱德 杰森·奎恩 卡洛斯·利纳雷斯","J·C·尚多尔"
"4017146","月光光心慌慌 Halloween","6","2018-09-08(多伦多电影节) 2018-10-19(美国)","惊悚 恐怖","杰米·李·柯蒂斯 朱迪·格雷尔 安迪·马蒂切克 詹姆斯·裘德·柯特尼 尼克·卡斯特尔 哈鲁克·比尔根纳尔 威尔·帕顿 里安·里斯 杰佛逊·豪尔 托比·胡斯 维吉尼亚·加德纳 迪伦·阿诺德 迈尔斯·罗宾斯 德鲁·谢伊德 吉布瑞尔·南谭布 迈克尔·哈瑞蒂 马修·安德森 奥马尔·J·多尔西 克里斯托弗· 艾伦·尼尔森 P·J·索尔丝 桑迪·约翰逊 乔恩·埃里克·海克瑟姆 梅诺·佩卢斯 杰瑞德·莫泽 罗布·尼特","大卫·戈登·格林"
"4058933","一个明星的诞生 A Star Is Born","7","2018-08-31(威尼斯电影节) 2018-10-05(美国)","剧情 爱情 音乐","Lady Gaga 布莱德利·库珀 山姆·艾里奥特 安德鲁·戴斯·克雷 拉菲·格拉沃恩 安东尼·拉莫斯 大卫·查普尔 亚历克·鲍德温 马龙·威廉姆斯 布兰迪·卡莉 朗·瑞弗金 巴里·沙巴卡·亨利 迈克尔·D·罗伯茨 迈克尔·哈尔尼 丽贝卡·菲尔德 威廉·贝利 格雷戈·格伦伯格 D·J·尚格拉·皮尔斯 德瑞娜·德尼罗 艾迪·格里芬 哈尔希 马修·利巴提克 路奈尔·坎贝尔 唐·渥斯 伦尼·卡斯特罗 唐·罗伊·金 格雷戈里·斯卡尔尼奇 弗兰克·安妮罗 杰尔马诺·布兰科 梅根·豪恩 马克·查普曼 史蒂文·西塞罗 阿曼达·菲尔茨 阿尔弗雷德·加比杜林 弗雷德里克·基夫","布莱德利·库珀"
"4221462","掠食城市 Mortal Engines","6","2019-01-18(中国大陆) 2018-12-14(美国)","动作 科幻 冒险","海拉·西尔玛 雨果·维文 金吉 罗伯特·席安 莱拉·乔治 史蒂芬·朗 弗兰基·亚当斯 凯伦·皮斯托里斯 科林·萨蒙 安德鲁斯·李斯 莎拉·慕恩 罗南·拉夫特瑞 乔尔·托贝克 帕特里克·麦拉海德 史蒂芬·乌瑞 马尼克·古纳拉塔尼 菲利普·里夫 纳撒尼尔·利斯 雷吉-让·佩吉 卡卢姆·吉廷斯 安佑森 马克·哈德洛 马克米钦森 索菲·考克斯 莎拉·皮尔斯 奇·陈 约瑟夫·米卡-亨特 特里·诺瑞斯 安龙·杰克森 梅根·爱德华兹 尼克·布雷克 玛丽亚·沃克 阿曼·韦弗 玛德琳·亚当斯 马丁·郭 罗德尼·库克","克里斯蒂安·瑞沃斯"
"4840388","新喜剧之王","6","2019-02-05(中国大陆)","剧情 喜剧","王宝强 鄂靖文 张全蛋 景如洋 张琪 袁兴哲 田启文 黄骁鹏 蔡哲睿 苗溢伦","周星驰"
"4864908","影","7","2018-09-30(中国大陆) 2018-09-06(威尼斯电影节)","剧情 动作 武侠 古装","邓超 孙俪 郑恺 王千源 王景春 胡军 关晓彤 吴磊 封柏","张艺谋"
"5300054","波西米亚狂想曲 Bohemian Rhapsody","9","2019-03-22(中国大陆) 2018-11-02(美国)","剧情 音乐 传记","拉米·马雷克 本·哈迪 约瑟夫·梅泽罗 格威利姆·李 艾伦·里奇 露西·宝通 艾丹·吉伦 汤姆·霍兰德 麦克·梅尔斯 阿隆·麦克卡斯克 梅内卡·达斯 迪基·博 蒂姆· 普莱斯特 杰克·罗思 马克斯·班内特 基兰·哈德卡斯托 罗斯·格林 布鲁斯·麦克金伦 米歇尔·邓肯 马特·格林伍德 罗茜·本杰明 约翰·奥特曼 詹姆斯·华莱士 文森特·阿德里安 拉斯科·阿特金斯 乔纳森·奇塔姆 迈克尔·科布 耶稣·加洛 亚当·兰伯特 豪尔赫·莱昂·马丁内斯 杰森· 莱恩斯 伊斯雷尔·鲁兹","布莱恩·辛格"
"6538697","劫匪 The Highwaymen","7","2019-03-29(美国)","剧情 悬疑 惊悚 犯罪","凯文·科斯特纳 伍迪·哈里森 凯西·贝茨 金·迪肯斯 约翰·卡洛·林奇 W·厄尔·布朗 托马斯·曼 大卫·福尔 杰西·C·博伊德 简·麦克尼尔 比利·斯洛特 大卫·德怀尔 杰森·戴维斯 乔希·卡拉斯 布莱恩·杜尔金 迪恩·J·韦斯特 大卫·博恩 迈克尔·德雷珀 杰夫·波普 托尼亚·马尔多纳多 库伦·莫斯 乔希·文图拉 迪安·丹顿 乔·奈泽维奇","约翰·李·汉考克"
"6538807","冰海陷落 Hunter Killer","7","2019-05(中国大陆) 2018-10-26(美国)","动作 战争","杰拉德·巴特勒 托比·斯蒂芬斯 加里·奥德曼 科曼 琳达·卡德里尼 米哈伊尔·戈尔沃伊 迈克尔·吉普森 邓普希·博弗尔 克里·约翰逊 亚当·詹姆斯 亨利·古德曼 科林·斯廷顿 卡特·麦金太尔 施恩·泰勒 米基·柯林斯 威尔·阿滕伯勒 大卫·吉雅西 吴国耀 泰勒·约翰·史密斯 加布里埃尔·查瓦里亚 柯斯莫·贾维斯 迈克尔·特鲁科 雷恩·麦帕林 赞恩·霍尔茨 尤里·科洛科利尼科夫 伊戈尔·日日金 伊利亚·沃里克 Hristo Mitzkov 迈克尔·恩奎斯特 卡罗琳·古多尔 大卫·叶兰德 斯图尔特·米里根 李·阿斯奎斯-柯 西奥·巴克利姆比格斯 内森·库珀 迪诺·法赞尼 所罗门·塔伊沃·贾斯提费尔德 马里安·洛伦西克 贾森·马修森 伯纳多·桑托斯 阿塔纳斯·斯雷布雷夫","多诺万·玛什"
"11639146","玛丽女王 Mary Queen of Scots","6","2018-12-07(美国) 2019-01-18(英国)","剧情 传记 历史","西尔莎·罗南 玛格特·罗比 杰克·劳登 乔·阿尔文 大卫·田纳特 盖·皮尔斯 嘉玛·陈 布兰登·柯伊尔 马丁·康普斯顿 伊斯梅尔·克鲁斯·科尔多瓦 爱琳·奥伊金斯 玛丽亚·德拉格斯 伊恩·哈拉德 詹姆斯·麦卡德尔 艾德里安·莱斯特","乔西·洛克"
"19899707","驯龙高手3 How To Train Your Dragon: The Hidden World","7","2019-03-01(中国大陆) 2019-01-03(澳大利亚) 2019-02-22(美国)","动画 奇幻 冒险","杰伊·巴鲁切尔 亚美莉卡·费雷拉 F·默里·亚伯拉罕 凯特·布兰切特 杰拉德·巴特勒 克雷格·费格森 乔纳·希尔 克里斯托夫·梅兹-普莱瑟 克里斯汀·韦格 基特·哈灵顿 罗宾·阿特金·唐斯 基隆·埃利奥特 吉迪恩·埃默里 阿什利·詹森 奥拉维尔·达里·奥拉夫松 詹姆士·谢 大卫·田纳特","迪恩·德布洛斯"
"20425292","私人战争 A Private War","7","2018-09-07(多伦多电影节) 2018-11-02(美国点映) 2018-11-16(美国)","剧情 传记 战争","裴淳华 詹米·多南 汤姆·霍兰德 斯坦利·图齐 安东尼萨桑·杰苏萨桑","马修·海涅曼"
"20438964","无敌破坏王2：大闹互联网 Ralph Breaks the Internet","8","2018-11-23(中国大陆) 2018-11-21(美国)","喜剧 动画 奇幻 冒险","约翰·C·赖利 萨拉·西尔弗曼 盖尔·加朵 塔拉吉·P·汉森 杰克·麦克布瑞尔 简·林奇 艾伦·图代克 阿尔弗雷德·莫里纳 艾德·奥尼尔 肖恩·吉布朗尼 弗卢拉·博格 蒂莫西·西蒙斯 黄阿丽 韩秘书·布雷克 葛洛泽尔·格林 瑞贝卡·薇索基 山姆·理查森 雅布其·杨-怀特 莫里斯·拉马奇 梅丽莎·维拉斯诺 凯蒂·洛斯 贾米·埃曼 霍拉提奥·桑斯 亚历克斯·莫法特 琼·斯奎布 德拉·萨巴 菲尔·约翰斯顿 约翰·迪·玛吉欧 瑞奇·摩尔 科琳·巴林杰 达尼·费尔南德斯 蒂芙妮·赫雷拉 阿娜·奥缇兹 迪安娜·阿格隆 杰森·曼兹沃克斯 雷蒙德·S·佩尔西 伏霞 罗杰·克莱格·史密斯 蒂姆·艾伦 布拉德·加内特 安东尼·丹尼尔斯 科里·伯顿 范·迪塞尔 维韦卡·波林 迈克·吉亚奇诺 凯文·迪特斯 尼可·斯彻金格 丹·雷诺斯 艾琳·贝达 克里斯汀·贝尔 裘蒂·班森 奥丽伊·卡瓦洛 詹妮弗·黑尔 凯特·希金斯 琳达·拉金 凯莉·麦克唐纳 伊迪娜·门泽尔 曼迪·摩尔 佩吉·奥哈拉 帕米拉·里本 阿尼卡·诺尼·罗斯 温明娜 珍妮卡·贝尔格雷 比尔·哈德尔","菲尔·约翰斯顿 瑞奇·摩尔"
"23774869","绿毛怪格林奇 The Grinch","6","2018-12-14(中国大陆) 2018-11-09(美国)","喜剧 动画 奇幻","本尼迪克特·康伯巴奇 卡梅伦·丝蕾 拉什达·琼斯 法瑞尔·威廉姆斯 特里斯坦·奥哈尔 基南·汤普森 山姆·拉瓦尼诺 雷蒙·汉密尔顿 安吉拉·兰斯伯瑞 斯嘉丽·艾斯特维兹 迈克尔·贝亚蒂 罗里·艾伦 卡特·海斯汀斯 卡洛斯·阿拉斯拉奇 约翰·卡西尔 凯茜·卡瓦蒂妮 丹尼·曼恩 杰里米·马克斯韦尔 汤森·科尔曼 斯科特·摩西尔 梅里·康德伦 拉瑞恩·纽曼 布莱恩·T·德莱尼 约翰·德米塔 比尔·法玛尔 乔尔·斯维唐 亚伦·福尔斯 明迪·斯特林 塔拉·斯特朗 杰斯·哈梅尔 雷吉纳·托芬 吉姆·瓦德","亚罗·切尼 斯科特·摩西尔"
"24299053","老人和枪 The Old Man and the Gun","7","2018-08-31(特柳赖德电影节) 2018-10-19(美国)","剧情 喜剧 犯罪","罗伯特·雷德福 茜茜·斯派塞克 卡西·阿弗莱克 丹尼·格洛弗 汤姆·威兹 提卡·森普特 阿勒·伊丽莎白·约翰逊 蒂根·约翰逊 吉因·琼斯 约翰·大卫·华盛顿 巴洛·雅克布斯 奥古斯丁·弗里泽尔 小伊塞亚·维特洛克 丽雅·罗伯茨 伊丽莎白·莫斯 阿尔菲厄斯·格林 基思·卡拉丹 肯妮莎·汤普森 罗伯特·朗斯特里特 乔丹·崔威里恩 托比·豪布鲁克斯 克里斯汀·岱伊 拉里·杰克·唐森 帕姆·多尔蒂","大卫·洛维"
"24750460","地狱男爵：血皇后崛起 Hellboy","6","2019-04-12(美国)","动作 科幻 奇幻 冒险","大卫·哈伯 米拉·乔沃维奇 金大贤 伊恩·麦柯肖恩 阿利斯泰·皮垂 萨莎·莱恩 托马斯·哈登·丘奇 佩内洛普·米契尔 苏菲·奥康内多 布莱恩·格里森 克里斯蒂娜·克莱伯 阿什丽·艾德纳 道格拉斯·泰特 贝恩·科拉科 阿塔纳斯·斯雷布雷夫 凡妮莎·艾科尔兹 莱拉·莫尔斯","尼尔·马歇尔"
"24773958","复仇者联盟3：无限战争 Avengers: Infinity War","8","2018-05-11(中国大陆) 2018-04-23(加州首映) 2018-04-27(美国)","动作 科幻 奇幻 冒险","小罗伯特·唐尼 克里斯·海姆斯沃斯 克里斯·埃文斯 马克·鲁弗洛 乔什·布洛林 佐伊·索尔达娜 本尼迪克特·康伯巴奇 克里斯·帕拉特 汤姆·赫兰德 伊丽莎白·奥尔森 保罗·贝坦尼 斯嘉丽·约翰逊 查德维克·博斯曼 塞巴斯蒂安·斯坦 唐·钱德尔 汤姆·希德勒斯顿 安东尼·麦凯 本尼迪克特·王 戴夫·巴蒂斯塔 布莱德利·库珀 范·迪塞尔 凯伦·吉兰 利蒂希娅·赖特 庞·克莱门捷夫 凯莉·库恩 汤姆-沃恩-劳勒 海登·瓦尔希 迈克尔·詹姆斯·肖 泰瑞·诺塔里 本尼西奥·德尔·托罗 彼特·丁拉基 罗斯·马昆德 丹娜·奎里拉 温斯顿·杜克 弗洛伦丝·卡松巴 塞缪尔·杰克逊 雅各布·巴特朗 斯坦·李","安东尼·罗素 乔·罗素"
"25849049","超人总动员2 Incredibles 2","8","2018-06-22(中国大陆) 2018-06-15(美国)","喜剧 动作 动画 冒险","格雷格·T·尼尔森 霍利·亨特 莎拉·沃威尔 赫克·米尔纳 伊莱·富西尔 凯瑟琳·基纳 塞缪尔·杰克逊 伊莎贝拉·罗西里尼 鲍勃·奥登科克 布拉德·伯德 索菲亚·布什 乔纳森·班克斯 约翰·拉岑贝格 金伯利·阿代尔·克拉克 托亚·特纳","布拉德·伯德"
"25882296","狄仁杰之四大天王","6","2018-07-27(中国大陆)","动作 悬疑 奇幻 武侠 古装","赵又廷 冯绍峰 林更新 阮经天 马思纯 刘嘉玲 盛鉴 杨一威 唐古特·宝日夫 张傲月 孙蛟龙 汪汐潮 铁男 李炳雷 许明虎","徐克"
"25917789","铁血战士 The Predator","5","2018-10-26(中国大陆) 2018-09-07(多伦多电影节) 2018-09-14(美国)","动作 科幻 惊悚 冒险","波伊德·霍布鲁克 崔凡特·罗兹 雅各布·特伦布莱 科甘-迈克尔·凯 奥立薇娅·玛恩 斯特林·K·布朗 托马斯·简 阿尔菲·艾伦 奥古斯托·阿奎莱拉 杰克·布塞 伊冯娜·斯特拉霍夫斯基 布赖恩·A·普林斯 麦克·多普德 尼尔迈特 加里·切克 艾米·阿内克 弗雷泽·艾奇逊 简·波斯 洛奇林·莫罗 叶芳华 里斯·威廉姆斯 萨奇·布洛克勒班克 肖恩·O.罗伯茨 柯林·科里根 帕特里克·萨邦圭 弗雷泽·科比特 阿隆·克拉文 安德鲁·詹金斯","沙恩·布莱克"
"25986662","疯狂的外星人","6","2019-02-05(中国大陆)","喜剧 科幻","黄渤 沈腾 汤姆·派福瑞 马修·莫里森 徐峥 于和伟 雷佳音 刘桦 邓飞 蔡明凯 王戈 凯特·纳尔逊 王砚伟 呲路","宁浩"
"26147417","神奇动物：格林德沃之罪 Fantastic Beasts: The Crimes of Grindelwald","7","2018-11-16(中国大陆/美国)","奇幻 冒险","埃迪·雷德梅恩 凯瑟琳·沃特斯顿 约翰尼·德普 裘德·洛 埃兹拉·米勒 丹·福勒 艾莉森·萨多尔 佐伊·克罗维兹 卡勒姆·特纳 金秀贤 威廉·纳迪兰 凯文·格思里 卡门·艾乔戈 沃尔夫·罗特 德里克·里德尔 科内尔·约翰 英格瓦·埃盖特·西古德松 波佩·科比-特曲 西蒙·米考克 大卫·樱井 维多利亚·耶茨 奥拉维尔·达里·奥拉夫松 大卫·威尔莫特 艾德·高根 奥莉维亚·波皮卡 阿尔菲·西蒙斯 菲奥娜·格拉斯科特 杰米·坎贝尔·鲍尔 托比·瑞格波 约书亚·谢伊 布隆蒂斯·佐杜洛夫斯基 杰西卡·威廉姆斯 欧文·弗热瑞 休·夸希 塔希尔·布尔汉 迈克尔·科布 萨比恩·克洛森 亚历珊德拉·福特 肖恩·吉斯灵厄姆 通恰伊·古奈什 迈克尔·海登 露丝·霍洛克斯 泰·赫尔利 纳西尔·贾玛 卡米尔·雷米泽斯基 迪诺·布加迪","大卫·叶茨"
"26219713","克隆人 Replicas","6","2018-11-23(中国大陆) 2019-01-11(美国)","科幻 悬疑 犯罪","基努·里维斯 爱丽丝·伊芙 艾米丽·阿琳·林德 托马斯·米德蒂奇 恩杰伊·安东尼 约翰·奥提兹 尼亚切·海邓迪 艾莉亚·莱蕊克·勒布 艾梅柏·里维拉 艾梅柏·汤森 杰弗里·霍尔斯曼 桑娴·洛格罗诺 奥马尔·克鲁兹·索托 伊万·J·托雷斯·拉桑塔 让·皮埃尔·普拉茨 伊夫林·迪安-奥姆斯特德","杰弗利·纳赫马诺夫"
"26268602","寡妇联盟 Widows","6","2018-09-09(多伦多电影节) 2018-11-16(美国)","剧情 惊悚 犯罪","维奥拉·戴维斯 连姆·尼森 乔·博恩瑟 曼努埃尔·加西亚-鲁尔福 科布恩·格罗斯 米歇尔·罗德里格兹 伊丽莎白·德比茨基 凯莉·库恩 罗伯特·杜瓦尔 科林·法瑞尔 布莱恩·泰里·亨利 丹尼尔·卡卢亚 迈克尔·哈尔尼 安·米切尔 杰基·韦佛 斯蒂芬·希尔 加瑞特·迪拉胡特 凯文·J·奥康纳 乔恩·迈克尔·希尔 辛西娅·艾莉佛 迪安娜·里德-福斯特 阿德普波·奥杜耶 卢卡斯·哈斯 斯蒂夫·托瓦 马克·兰开斯特 马特·沃尔什 大卫·邓斯顿 Alejandro Verdin Bailey Rhyse Walters 索科萝·圣地亚哥 约书亚·拜尔沃特 桐瑞·何 克里斯·诺尔特 斯利姆·克什里","史蒂夫·麦奎因"
"26290410","昨日青空","6","2018-10-26(中国大陆)","爱情 动画",,"奚超"
"26336252","碟中谍6：全面瓦解 Mission: Impossible - Fallout","8","2018-08-31(中国大陆) 2018-07-27(美国)","动作 惊悚 冒险","汤姆·克鲁斯 亨利·卡维尔 文·瑞姆斯 西蒙·佩吉 丽贝卡·弗格森 西恩·哈里斯 安吉拉·贝塞特 凡妮莎·柯比 米歇尔·莫纳汉 韦斯·本特利 费雷德里克·施密特 亚历克·鲍德温 杨亮 克里斯托弗·约纳尔 沃尔夫·布利策 拉斐尔·琼勒 安德鲁·卡扎纳夫·平 克里斯多夫·德·舒瓦西 拉裴尔·德普雷 让·巴普蒂斯特·菲永 马克斯·盖勒 奥利维尔·体班德 亚历山大·普尔 阿利克斯·贝纳泽什 乔伊·安沙 维利贝·托皮奇 格雷厄姆·福克斯 卡斯珀·菲利普森 菲恩·乔利 鲁斯·贝恩 奈杰尔·艾伦","克里斯托弗·麦奎里"
"26356631","伸冤人2 The Equalizer 2","7","2018-07-20(美国)","动作 惊悚 犯罪","丹泽尔·华盛顿 佩德罗·帕斯卡 艾什顿·桑德斯 奥森·比恩 比尔·普尔曼 梅丽莎·里奥 乔纳森·斯卡弗 沙基纳·贾弗里 卡罗琳·戴 特德·阿尔奇迪 杰伊·赫农 马克西米利安·麦克纳马拉 安德烈·阿罗维斯基","安东尼·福奎阿"
"26359235","克里斯托弗·罗宾 Christopher Robin","8","2018-08-03(美国)","喜剧 动画 冒险","伊万·麦克格雷格 海莉·阿特维尔 勃朗特·卡迈克尔 马克·加蒂斯 奥利弗·福德·戴维斯 阿德里安·斯卡伯勒 罗杰·阿什顿-格里菲斯 阿曼达·劳伦斯 凯蒂·卡迈克尔 特里斯坦·斯特罗克 保罗·查希迪 迈克尔·吉恩 舒雅德·法瑞斯 马特·贝里 西蒙·法纳比 麦肯锡·克鲁克 吉姆·库宁斯 布拉德·加内特 尼克·穆罕默德 彼得·卡帕尔迪 苏菲·奥康内多 托比·琼斯 李·阿斯奎斯-柯 罗伊·贝克 金塔雷·贝尼奥拉维特 贝恩·科拉科 托马斯·派登 库姆德·潘特 理查德·谢尔曼 彼得·辛格 卡罗尔·斯蒂尔 艾薇·维","马克·福斯特"
"26363987","你能原谅我吗？ Can You Ever Forgive Me?","7","2018-09-01(特柳赖德电影节) 2018-10-19(美国)","剧情 喜剧 传记 犯罪","梅丽莎·麦卡西 理查德·E·格兰特 多莉·韦尔斯 本·法尔科内 格里高利·克洛斯蒂舍夫斯基 简·库丁 斯蒂芬·斯皮内拉 克里斯蒂安·纳瓦罗 普·班德赫 埃里克·拉雷·哈维 布兰登·斯科特·琼斯 雪伊·德林恩 罗莎尔·卡农 安娜·迪佛·史密斯 马克·埃文·杰克逊","玛丽埃尔·海勒"
"26366496","邪不压正","7","2018-07-13(中国大陆)","剧情 喜剧 动作","彭于晏 廖凡 姜文 周韵 许晴 泽田谦也 安地 史航 李梦 丁嘉丽 陈曦","姜文"
"26369709","欢迎来到马文镇 Welcome to Marwen","6","2018-12-21(美国)","剧情 传记","史蒂夫·卡瑞尔 法尔克·亨特切尔 马特·欧莱瑞 尼古莱·维切尔 帕特里克·罗卡斯 亚历克斯·洛韦 艾莎·冈萨雷斯 莱斯利·泽米吉斯 梅里特·韦弗 格温多兰·克里斯蒂 加奈儿·梦奈 莱斯利·曼恩 尼尔·杰克逊 西沃恩·威廉姆斯 黛安·克鲁格 埃里克·李塞德 康拉德·科茨 薇娜·苏德 帕特里克·萨邦圭 弗雷泽·艾奇逊 杰夫·桑卡 特雷弗·琼斯 莎伦·克兰德尔","罗伯特·泽米吉斯"
"26369884","此房是我造 The House That Jack Built","7","2018-05-14(戛纳电影节) 2018-10-17(法国) 2018-11-29(丹麦)","喜剧 惊悚 犯罪","马特·狄龙 布鲁诺·甘茨 乌玛·瑟曼 希芳·法隆 苏菲·格拉宝 丽莉·克亚芙 杰瑞米·戴维斯 爱德华·斯皮伊尔斯 大卫·拜利 刘智泰","拉斯·冯·提尔"
"26374197","蜘蛛侠：平行宇宙 Spider-Man: Into the Spider-Verse","9","2018-12-21(中国大陆) 2018-12-14(美国)","动作 科幻 动画 冒险","沙梅克·摩尔 杰克·约翰逊 海莉·斯坦菲尔德 马赫沙拉·阿里 布莱恩·泰里·亨利 莉莉·汤姆林 劳伦·维勒斯 佐伊·克罗维兹 约翰·木兰尼 金可·格伦 尼古拉斯·凯奇 凯瑟琳·哈恩 列维·施瑞博尔 克里斯·派恩 娜塔丽·莫瑞丝 奥斯卡·伊萨克 格里塔·李 斯坦·李 乔玛·塔科内 华金·科西奥 蕾克·贝尔 梅勒妮·海恩斯 尼克·杰恩 穆尼卜·拉赫曼 卡洛斯·萨拉戈萨 黛西·罗斯·布莱内斯 里夫·霍顿 哈里森·奈特 莱克斯·朗 凯特琳·麦肯纳-威尔金森 斯科特·门维尔 克里斯托弗·米勒 德维卡·帕利赫 柯特妮·佩尔顿 克里斯蒂·法瑞斯 杰奎琳·皮诺尔 贾斯汀·沉卡罗 梅利莎·斯特姆","鲍勃·佩尔西凯蒂 彼得·拉姆齐 罗德尼·罗斯曼"
"26385514","性别为本 On the Basis of Sex","7","2018-12-25(美国)","剧情 传记","菲丽希缇·琼斯 艾米·汉莫 贾斯汀·塞洛克斯 萨姆·沃特森 凯西·贝茨 杰克·莱诺 卡莉·史派妮 斯蒂芬·鲁特 鲁斯·巴德·金斯伯格 弗朗西斯·X·麦卡蒂 加布里埃尔·格雷厄姆 安吉拉·嘉鲁皮 迈克尔·迪克森 阿伦·奥阿约-斯图尔特 斯蒂芬妮·科斯塔 卡尔·格拉戈萨斯 道恩·福特 乔·柯布登  加里·韦恩兹 霍莉·G·弗兰克尔 亚瑟·霍尔顿 杰夫·利利科 亚历山大·贝朗格 罗伯特·J·塔维纳","米密·莱德"
"26394152","大黄蜂 Bumblebee","7","2019-01-04(中国大陆) 2018-12-21(美国)","动作 科幻 冒险","海莉·斯坦菲尔德 小豪尔赫·兰登伯格 约翰·塞纳 杰森·德鲁克 帕梅拉·阿德龙 斯蒂芬·施耐德 里卡多·霍约斯 约翰·奥提兹 格林·特鲁曼 兰·卡琉 格蕾丝·达斯恩妮 弗里德·杜莱尔 蓝尼·雅各布森  梅金·普莱斯 萨钦·巴特 蒂姆·马丁·格里森 安东尼奥·查丽蒂 艾德文·霍德吉 拉斯·斯兰德 迪伦·奥布莱恩 彼特·库伦 安吉拉·贝塞特 贾斯汀·塞洛克斯 大卫·索博洛夫 格蕾·德丽斯勒 史蒂夫·布卢姆 安德鲁·莫尔加多 威廉·W·巴伯 罗伯特·切斯纳特 米歇尔·方 克里斯蒂安·哈切森 里克·理查森 瓦内萨·罗斯 波士顿·拉什·弗里曼 托尼·托斯特 迪娜·特鲁迪 艾蒂安·维克","特拉维斯·奈特"
"26411377","你的婚礼 너의 결혼식","7","2018-08-22(韩国)","剧情 爱情","金英光 朴宝英 姜其永 高圭弼 张成范 金贤淑 林炯俊 姜德重 徐恩秀 宋再临 申素率 郑多媛 车烨 裴海善 全裴修 徐胤雅","李锡根"
"26416062","侏罗纪世界2 Jurassic World: Fallen Kingdom","7","2018-06-15(中国大陆) 2018-06-22(美国)","动作 科幻 冒险","克里斯·帕拉特 布莱丝·达拉斯·霍华德 贾斯蒂斯·史密斯 伊莎贝拉·瑟蒙 拉菲·斯波 托比·琼斯 泰德·拉文 詹姆斯·克伦威尔 黄荣亮 丹妮艾拉·皮内达 杰拉丁·卓别林 杰夫·高布伦 卡米尔·雷米泽斯基 丹尼尔·斯蒂森 皮特·杰森 迈克尔·帕帕约翰 罗伯特·埃姆斯 罗南·萨莫尔斯 麦克斯·贝克 丹尼尔·厄根 戴维·奥拉瓦莱·阿印德","胡安·安东尼奥·巴亚纳"
"26425062","武林怪兽","3","2018-12-21(中国大陆)","喜剧 奇幻 武侠","古天乐 陈学冬 郭碧婷 包贝尔 王太利 周冬雨 吴樾 潘斌龙 孔连顺 刘浩 梁大维 许君聪 方中信 何润东 薛凯琪 颖儿 李灿森 卢惠光","刘伟强"
"26425063","无双 無雙","8","2018-09-30(中国大陆) 2018-10-04(香港)","剧情 动作 悬疑 犯罪","周润发 郭富城 张静初 冯文娟 廖启智 周家怡 王耀庆 方中信 高捷 邢佳栋 张松枝 张建声 吴嘉龙 孙佳君","庄文强"
"26426194","巨齿鲨 The Meg","6","2018-08-10(美国/中国大陆)","动作 科幻 惊悚","杰森·斯坦森 李冰冰 雷恩·威尔森 鲁比·罗丝 赵文瑄 佩吉·肯尼迪 杰西卡·麦克娜美 奥拉维尔·达里·奥拉夫松 罗伯特·泰勒 蔡书雅 丘增 克利夫·柯蒂斯 安佑森 罗伯·基帕-威廉姆斯 维他亚·潘斯林加姆 安得烈·格兰杰 蒂姆·王 史蒂文·A·戴维斯 托万达·马尼莫 买红妹","乔·德特杜巴"
"26430636","狂暴巨兽 Rampage","6","2018-04-13(美国/中国大陆)","动作 科幻 冒险","道恩·强森 娜奥米·哈里斯 杰弗里·迪恩·摩根 玛琳·阿克曼 杰克·莱西 乔·曼根尼罗 玛丽·谢尔顿 P·J·伯恩 德米垂斯·格罗斯 杰克·奎德 布里安·希尔 马特·杰拉德 李威尹 尤里亚·费伯 布鲁斯·布莱克希尔 杰森·莱尔斯 马克·威尔斯 阿莉莎·布鲁克 亚当·希泰凯尔 加里·维克斯 阿诺德·陈","布拉德·佩顿"
"26588308","死侍2：我爱我家 Deadpool 2","7","2019-01-25(中国大陆) 2018-05-18(美国)","喜剧 动作 科幻 冒险","瑞恩·雷诺兹 乔什·布洛林 朱利安·迪尼森 斯蒂芬·卡皮契奇 莎姬·贝兹 T·J·米勒 莱斯利·格塞斯 卡兰·索尼 布里安娜·希德布兰德 莫蕾娜·巴卡琳 杰克·凯西 埃迪·马森 忽那汐里 兰德尔·瑞德 尼古莱·维切尔 赛尔·哈里斯 罗伯·德兰尼 刘易斯·谭 比尔·斯卡斯加德 泰瑞·克鲁斯 布拉德·皮特 罗伯特·梅耶 艾伦·图代克 马特·达蒙 海莉·塞尔斯 麦克·多普德 卢克·勒斯勒尔 亨特·狄龙 大卫·雷奇 山姆·哈格雷夫 尼古拉斯·霍尔特","大卫·雷奇"
"26600786","希斯特斯兄弟 The Sisters Brothers","8","2018-09-02(威尼斯电影节) 2018-10-19(美国)","犯罪 西部 冒险","约翰·C·赖利 杰昆·菲尼克斯 杰克·吉伦哈尔 里兹·阿迈德 卡罗尔·凯恩 鲁特格尔·哈尔 克瑞德·布拉顿 约翰内斯·豪克尔·约翰内森 尼尔斯·阿贺斯图普 莱克茜·本博-哈特 丽贝卡·鲁特 菲利普·罗施 邓肯·拉克鲁瓦 伊恩·雷迪丁顿 阿尔多·马兰","雅克·欧迪亚"
"26602900","魔女 마녀","7","2018-06-27(韩国)","动作 悬疑","金多美 赵敏修 朴熙顺 崔宇植 高敏诗 吴美姬 崔政宇 多恩 金秉玉 李柱元 金河娜 李基英 权泰元 李时勋  白承哲 袁民奎 金宗勋 徐翰洁","朴勋政"
"26611891","欢乐满人间2 Mary Poppins Returns","7","2018-12-19(美国)","歌舞","艾米莉·布朗特 梅丽尔·斯特里普 科林·费尔斯 朱丽·沃特斯 安吉拉·兰斯伯瑞 艾米莉·莫迪默 本·卫肖 迪克·范·戴克 大卫·沃纳 林-曼努尔·米兰达 杰里米·斯威夫特 寇布勒·霍尔德布鲁克-史密斯 匹克西·戴夫斯 吉姆·诺顿 贝恩·科拉科 迈克尔·科布 伯纳多·桑托斯 乔安娜·希雅 露丝·霍洛克斯 贾格·帕特尔","罗伯·马歇尔"
"26627736","边境杀手2：边境战士 Sicario: Day of the Soldado","7","2018-06-29(美国)","剧情 动作 犯罪","本尼西奥·德尔·托罗 乔什·布洛林 伊莎贝拉·莫奈 凯瑟琳·基纳 杰弗里·多诺万 马修·莫迪恩 吉姆·戴佛提 伊恩·鲍汉 曼努埃尔·加西亚-鲁尔福 杰克·皮克金 布鲁诺·庇屈 杰克莫·巴泽尔 以利亚·罗德里格斯","斯特法诺·索利马"
"26628282","宠儿 The Favourite","7","2018-08-30(威尼斯电影节) 2018-11-23(美国)","剧情 喜剧 同性 传记","奥利维娅·科尔曼 艾玛·斯通 蕾切尔·薇兹 尼古拉斯·霍尔特 乔·阿尔文 马克·加蒂斯 蒂莫西·英纳斯 珍妮·莱恩斯福德 詹姆斯·史密斯 詹姆斯·梅尔维尔 杰克·维尔","欧格斯·兰斯莫斯"
"26630714","精灵旅社3：疯狂假期 Hotel Transylvania 3: Summer Vacation","7","2018-08-17(中国大陆) 2018-07-13(美国)","喜剧 动画 奇幻","亚当·桑德勒 凯瑟琳·哈恩 史蒂夫·布西密 赛琳娜·戈麦斯 阿什·布林克夫 梅尔·布鲁克斯 科甘-迈克尔·凯 安迪·萨姆伯格 法兰·德瑞雪 大卫·斯佩德 凯文·詹姆斯 莫莉·香侬 格恩迪·塔塔科夫斯基 乔·怀特 克莉丝汀·泰根 乔·乔纳斯 吉姆·加菲根","格恩迪·塔塔科夫斯基"
"26633257","地球最后的夜晚","7","2018-12-31(中国大陆) 2018-05-15(戛纳电影节)","剧情 爱情 悬疑","汤唯 黄觉 张艾嘉 李鸿其 陈永忠 罗飞扬 曾美慧孜 段钧豪 谢理循 齐溪 明道 龙泽治","毕赣"
"26636712","蚁人2：黄蜂女现身 Ant-Man and the Wasp","7","2018-08-24(中国大陆) 2018-07-06(美国)","动作 科幻 冒险","保罗·路德 伊万杰琳·莉莉 迈克尔·佩纳 汉娜·乔恩-卡门 沃尔顿·戈金斯 鲍比·坎纳瓦尔 朱迪·格雷尔 T.I. 大卫·达斯马齐连 艾比·莱德·弗特森 兰道尔·朴 米歇尔·菲佛 劳伦斯·菲什伯恩 迈克尔·道格拉斯 戈兰·卡斯蒂克 罗布·阿切尔 肖恩·克莱尔 本·戴维斯 迈克尔·瑟沃瑞斯 达克斯·格里芬 海莉·洛维特 玛德琳·麦格劳 蒂姆·海德克 布莱恩·赫斯基 朱莉娅·维拉 布莱恩·卢戈 托里·沃格尔 汤姆·夏普林 斯坦·李 约瑟夫·阿梅 安迪·阿尼斯 威廉·W·巴伯 玛塞拉·布拉吉奥 塞尔吉奥·布里奥内斯 乔·布卡罗三世 蒂莫西·卡尔 贾迈尔·钱伯斯 扎卡里·卡伯森 雅各布·埃文斯 米歇尔·方 盖尔·甘布尔 克里斯·加恩 约翰·盖蒂尔 杰克·汉森 卡茜·亨德利","佩顿·里德"
"26649687","终点到达 Then Came You","7","2018-10-12(伍德斯托克电影节) 2019-02-01(美国)","剧情 喜剧 冒险","阿萨·巴特菲尔德 麦茜·威廉姆斯 妮娜·杜波夫 佩顿·李斯特 泰勒·霍奇林 郑肯 索尼亚·瓦格尔 大卫·科恩查内 泰塔斯·伯吉斯 马格特·宾汉 科林·莫斯 罗丝玛丽·霍华德 布丽亚娜·范思克思","彼得·哈钦斯"
"26683421","特工 공작","8","2018-05-11(戛纳电影节) 2018-08-08(韩国)","剧情","黄政民 李星民 赵震雄 朱智勋","尹钟彬"
"26683723","后来的我们","6","2018-04-28(中国大陆)","剧情 爱情","井柏然 周冬雨 田壮壮 曲哲明 刘启恒 苏小明 邹倚天 张子贤 施予斐 李剑青","刘若英"
"26684528","库尔斯克 Kursk","7","2018-09-06(多伦多电影节) 2018-11-07(法国)","剧情 历史 灾难","科林·费尔斯 蕾雅·赛杜 马提亚斯·修奈尔 迈克尔·恩奎斯特 马克斯·冯·叙多夫 奥古斯特·迪赫 史蒂芬·威丁顿 潘妮拉·奥古斯特 马提亚斯·施维赫夫 扎特科·巴瑞克 乔尔·巴斯曼 马格努斯·米兰 伊娃·范·德·古奇特 古斯塔夫·汉马斯顿 约翰·霍林沃思 皮特·布科夫斯基 布贾内·亨里克森 彼得·西蒙尼舍克 拉尔斯·博格曼 蒂伊门·戈瓦尔茨 米格伦·米切夫 海伦娜·赖因科德·纳曼 皮特·泼拉格伯格 阿斯克·邦 马丁·布拉巴赫 克拉多·德·克拉伦 菲迪迦·斯图肯","托马斯·温特伯格"
"26701196","无主之作 Werk ohne Autor","8","2018-09-04(威尼斯电影节) 2018-10-03(德国)","剧情","汤姆·希林 塞巴斯蒂安·科赫 葆拉·贝尔 莎斯琪亚·罗森道尔 奥利弗·马苏奇 叶甫根尼·希迪金 马克·扎克 乌尔里克·C·扎勒 巴斯蒂安·特罗斯特 汉斯-尤韦·鲍尔 汉诺·科夫勒 辛纳克·勋纳曼 詹妮特·海因 乔切·舒托夫 约翰娜·加斯多夫 弗罗里安·巴西奥罗麦 本·贝克","弗洛里安·亨克尔·冯·多纳斯马尔克"
"26707088","奎迪：英雄再起 Creed II","7","2019-01-04(中国大陆) 2018-11-21(美国)","剧情 运动","迈克尔·B·乔丹 西尔维斯特·史泰龙 泰莎·汤普森 杜夫·龙格尔 弗罗里安·穆特鲁 布里吉特·尼尔森 罗素·霍恩斯比 伍德·哈里斯 米洛·文堤米利亚 菲利西亚·拉斯海德 迈克尔·巴佛 安德烈·沃德 迈尔斯·哈姆帕斯 伊沃·南迪 克里斯托弗·曼恩","小斯蒂芬·卡普尔"
"26711223","斯坦和奥利 Stan & Ollie","7","2018-10-21(伦敦电影节) 2019-01-11(英国)","剧情 喜剧 传记","史蒂夫·库根 约翰·C·赖利 雪莉·亨德森 妮娜·阿里安达 丹尼·赫斯顿 斯蒂芬妮·海姆 萨西·凯恩 鲁弗斯·琼斯 宾利·卡鲁 桑吉弗·科赫利 丹尼尔·弗恩 迈克尔·海登 尼克·欧文福特 哈里·赫普 加里·基利 莱蕾·迪克斯 丽贝卡·埃莉斯·兰姆 西蒙·阿格","乔·拜尔德"
"26741061","胡桃夹子和四个王国 The Nutcracker And The Four Realms","6","2018-11-02(中国大陆/美国)","奇幻 冒险","麦肯吉·弗依 摩根·弗里曼 凯拉·奈特莉 马修·麦克费登 海伦·米伦 艾丽·巴姆博 米兰达·哈特 欧赫尼奥·德尔维斯 杰克·怀特霍尔 理查德·E·格兰特 谢尔盖·波卢宁 欧米德·吉亚李利 梅拉·沙尔 尼克·穆罕默德 杰茜·维宁 汤姆·斯威特 马里安·洛伦西克 芙洛·费拉科 丽塔-麦克唐纳丹帕 查尔斯·斯特里特","拉斯·霍尔斯道姆 乔·庄斯顿"
"26752088","我不是药神","9","2018-07-05(中国大陆) 2018-06-30(大规模点映)","剧情 喜剧","徐峥 王传君 周一围 谭卓 章宇 杨新鸣 王佳佳 王砚辉 贾晨飞 龚蓓苾 宁浩 李乃文 岳小军 苇青 富冠铭 巴拉特·巴蒂 喜利图 张海艳 朱耕佑","文牧野"
"26786642","摘金奇缘 Crazy Rich Asians","6","2018-11-30(中国大陆) 2018-08-15(美国)","喜剧 爱情","吴恬敏 亨利·戈尔丁 杨紫琼 嘉玛·陈 奥卡菲娜 卢燕 岑勇康 郑肯 水野索诺娅 吴育刚 欧阳万成 钱信伊 瑞米·海依 尼科·桑托斯 陆思敬 苏慧敏 方展发 谢宛谕 维多利亚·洛克 许优美 郑花如 许静雯 卡尔文·王 陈琼华 刘佳镁 陈美廪 内万·科伊特 阿曼达·埃文斯 彼得·霍奇森 安德斯·塔格 丹尼尔·詹金斯 彼得·卡罗尔 黛博拉·杨 查尔斯·格朗斯 杰西卡·加莱蒂 Swee Huat Teo 罗尼·纪 Isaac Boon Chuon Lee 罗杰·谢克 Lee Zhi Jian Lee Jun Wen 拉塞尔·黄 马尔库斯·莫 杰瑞卡·黎 乔·翁 陈胤希 德尔菲诺润二 Beatrice Chein Tan En Yu Tan En Dong 姬丝·阿奎诺 Lucinda Lew 黄苏珊 Tumurbaatar Enkhtungalag 木下众平 吉娜·格莱尼斯 凯文·关 斯蒂芬妮·欧阳 Leong Chun Chong Ho Yan Xi 兰斯·埃明格 卡兰比尔·亨达尔 斯蒂芬·杰克 纪宝珠","朱浩伟"
"26796664","叶问外传：张天志 葉問外傳：張天志","6","2018-12-21(中国大陆) 2018-10-13(釜山电影节)","剧情 动作 犯罪","张晋 戴夫·巴蒂斯塔 柳岩 杨紫琼 托尼·贾 郑嘉颖 周秀娜 谭耀文 释彦能 姜皓文 栢天男 元华","袁和平"
"26804147","摩天营救 Skyscraper","6","2018-07-20(中国大陆) 2018-07-13(美国)","动作 惊悚 冒险","道恩·强森 内芙·坎贝尔 黄经汉 罗兰·默勒 麦肯纳·罗伯茨 诺亚·科特雷尔 诺亚·泰勒 巴勃罗·施瑞博尔 凯文·兰金 昆凌 文峰 马特·欧莱瑞 比特里斯·金 马志 保罗·麦克吉莱恩 吴嘉星 艾德里安·霍姆斯 维努斯·特雷佐 杰特·克莱恩 拜伦·劳森 关永扬 法比欧·塔索恩 卡洛·余","罗森·马歇尔·瑟伯"
"26810318","阿尔法：狼伴归途 Alpha","6","2018-09-07(中国大陆) 2018-08-17(美国)","剧情 冒险","柯蒂·斯密特-麦菲 恰克 约翰内斯·豪克尔·约翰内森 娜塔莎·迈尔兹 蕾奥娜·维埃拉 延斯·赫尔腾 梅赛德斯·德拉泽尔达 普里亚·拉贾拉特南 斯潘塞·博加特 帕特里克·弗拉纳根 迈克尔·克鲁斯-代赫勒 马辛·科瓦奇克","艾尔伯特·休斯"
"26816076","“大”人物","6","2019-01-10(中国大陆)","动作 犯罪","王千源 包贝尔 王迅 王砚辉 屈菁菁 周游 韩烨洲 盖玥希 刘敏涛 梅婷 潘粤明 乔振宇 景岗山 杜源 高捷 寇占文 刘天佐 马浴柯 霍青 邢瀚卿 李蓓蕾 万沛鑫 张皓然 谢孟伟 姜寒 肖涵 吕晓霖 马京京 黎宇航 成方旭 王子清 王昱涵 王昱淇 郭紫铭 要武 滕根 张奥","五百"
"26825664","修女 The Nun","6","2018-09-07(美国)","悬疑 惊悚 恐怖","德米安·比齐尔 泰莎·法米加 乔纳斯·布洛凯 邦妮·阿伦斯 维拉·法米加 帕特里克·威尔森 英格丽·比苏 夏洛特·霍普 桑德拉·特蕾丝 奥古斯特·马图洛 迈克尔·史麦利 大卫·霍罗维奇 丽丽·博尔丹 斯嘉丽·希克斯 丽兹·科菲 迪·布拉雷·贝克尔 黛布拉·威尔逊 马克·斯达格 莉迪亚·科洛科 艾玛·阿普尔顿 约翰尼·科瓦内 丹尼尔·曼德尔 西蒙·瑞 桑德拉·罗斯科","科林·哈迪"
"26842702","燃烧 버닝","8","2018-05-16(戛纳电影节) 2018-05-17(韩国)","剧情 悬疑","刘亚仁 史蒂文·元 全钟瑞 金秀京 崔承浩 玉子妍","李沧东"
"26878883","野梨树 Ahlat Ağacı","8","2018-05-18(戛纳电影节) 2018-06-01(土耳其)","剧情","岛吾·德米尔考 穆拉特·杰姆吉尔 本努·耶勒德热姆拉尔 哈扎尔·埃尔居奇卢 塞尔坎·凯斯金 塔梅尔·莱文特 厄内尔·埃尔坎 里法特·桑贾尔 阿克·阿克苏 卡迪尔·瑟米克 欧扎·费什特","努里·比格·锡兰"
"26894602","冷战 Zimna wojna","8","2018-05-10(戛纳电影节) 2018-06-08(波兰)","剧情 爱情 音乐","尤安娜·库里克 托马斯·科特 波利斯·席克 阿伽塔·库莱沙 塞德里克·康 让娜·巴利巴尔 亚当·费仁希 亚当·沃诺维茨 亚当·斯齐斯科斯基","帕维乌·帕夫利科夫斯基"
"26909787","三重威胁之跨国大营救 Triple Threat","5","2019-03-29(中国大陆) 2019-03-19(美国)","动作","陈虎 卢靖姗 托尼·贾 伊科·乌艾斯 斯科特·阿金斯 迈克尔·加·怀特 迈克尔·比斯平 杰佳·亚宁 罗恩·斯穆安伯格","杰西·约翰逊"
"26920842","副总统 Vice","7","2018-12-25(美国)","剧情 喜剧 传记 历史","克里斯蒂安·贝尔 艾米·亚当斯 史蒂夫·卡瑞尔 山姆·洛克威尔 娜奥米·沃茨 艾丽森·皮尔 埃迪·马森 贾斯汀·柯克 丽莎·盖伊·汉密尔顿 杰西·普莱蒙 比尔·坎普 唐·麦克马纳斯 莉莉·拉贝 谢伊·惠格姆 斯蒂芬·阿德利·葛尔盖 泰勒·派瑞 杰夫·博斯利 吉利安·阿美娜特 马修·雅各布斯","亚当·麦凯"
"26925317","动物世界","7","2018-06-29(中国大陆)","剧情 动作 冒险","李易峰 迈克尔·道格拉斯 周冬雨 曹炳琨 王戈 苏可","韩延"
"26928160","八个女人一台戏 八個女人一台戲","7","2019(中国大陆) 2018-10-05(釜山电影节)","剧情","郑秀文 梁咏琪 白百何 赵雅芝 齐溪 商天娥 周家怡 甘国亮 林保怡 宋宁峰 庄文强 廖碧儿 韩马利 新剑郎","关锦鹏"
"26944582","雪怪大冒险 Smallfoot","7","2018-10-19(中国大陆) 2018-09-28(美国)","喜剧 动画 歌舞 冒险","查宁·塔图姆 詹姆斯·柯登 赞达亚 勒布朗·詹姆斯 科曼 吉娜·罗德里格兹 丹尼·德维托 吉米·塔特罗 雅拉·沙希迪 伊利·亨利","凯瑞·柯克帕特里克 杰森·雷西格"
"26952704","巴斯特·斯克鲁格斯的歌谣 The Ballad of Buster Scruggs","8","2018-08-31(威尼斯电影节) 2018-11-16(美国)","喜剧 歌舞 西部","哈利·米尔林 佐伊·卡赞 连姆·尼森 詹姆斯·弗兰科 大卫·克鲁霍尔特兹 汤姆·威兹 克兰西·布朗 蒂姆·布雷克·尼尔森 布莱丹·格里森 比尔·赫克 斯蒂芬·鲁特 泰恩·黛莉 拉尔夫·尹爱森 切尔西·罗斯 绍尔·鲁宾内克 琼乔·奥雷尔 马修·维利希 杰西·卢肯 保罗·瑞 葛人杰·海恩斯 杰弗森·梅斯 山姆·狄龙 比利·洛克伍德 汤姆·普罗克特 E·E·贝尔 丹尼·麦卡锡 杰克莫·巴泽尔 伊索·阿克瑞恩","伊桑·科恩 乔尔·科恩"
"26966758","逃出水泥地 Dragged Across Concrete","7","2018-09-03(威尼斯电影节) 2018-11-29(俄罗斯)","剧情 动作 惊悚 犯罪","梅尔·吉布森 詹妮弗·卡朋特 文斯·沃恩 劳瑞·侯登 唐·约翰逊 迈克尔·加·怀特 托马斯·克莱舒曼 乌多·基尔 安德鲁·邓巴 托利·基特尔斯 弗雷德·迈拉麦德 特雷佐·马霍洛 迈尔斯·特鲁伊特 詹·格里芬 王卡帝 克莱尔·菲利保 维罗妮卡·伦敦 大卫·昆兰 保罗·罗吉克","S·克雷格·扎勒"
"26969115","霸主 Overlord","6","2018-09-22(奥斯汀奇幻电影节) 2018-11-09(美国)","动作 科幻 恐怖 战争","约翰·艾德坡 怀亚特·罗素 马蒂尔德·奥利维耶 皮鲁·埃斯贝克 约翰·马加罗 伊恩·德·卡斯泰克 雅各布·安德森 多米尼克·阿普尔怀特 博基姆·伍德拜因 恩里奇·雷德曼 马克·麦克肯纳 海莉·卡迈克尔 米迦勒·埃普 Ross Tomlinson 本·特瓦索里 安迪·韦勒姆 帕特里克·布拉莫尔 肖恩·狄克逊 豪尔赫·莱昂·马丁内斯 伊娃·马格亚","朱利叶斯·艾弗里"
"26969120","你的鸟儿会唱歌 きみの鳥はうたえる","8","2018-09-01(日本)","剧情","柄本佑 染谷将太 石桥静河","三宅唱"
"26970964","宁静 Serenity","6","2019-01-25(美国)","剧情 科幻 悬疑","马修·麦康纳 安妮·海瑟薇 戴安·琳恩 杰森·克拉克 杰曼·翰苏 杰瑞米·斯特朗 加里恩·多德 肯尼思·霍 罗伯特·霍布斯 拉斐尔·赛耶 埃登·布胡格鲁 纪尧姆·萨里文特 维纳亚·桑古尔","斯蒂文·奈特"
"26972258","江湖儿女","8","2018-09-21(中国大陆) 2018-05-11(戛纳电影节)","爱情 犯罪","赵涛 廖凡 徐峥 梁嘉艳 刁亦男 张一白 丁嘉丽 张译 董子健 李宣 查娜 冯家妹 康亢 张晓军 柳敏 王谭 原文倩","贾樟柯"
"26979199","喜欢，轻吻，快跑 Plaire, aimer et courir vite","8","2018-05-10(戛纳电影节)","剧情 爱情 同性","文森特·拉科斯特 皮埃尔·德隆尚 德尼·波达利德斯 阿黛尔·维斯梅思 托马斯·冈萨雷斯 克莱蒙·梅特耶 昆廷·蒂博 特里斯坦·法尔热 索菲·勒图讷尔 马莱娜·索尔达纳 卢卡·马林诺夫斯基 埃里克·维涅尔 罗曼·施耐纳","克里斯托夫·奥诺雷"
"26985127","一出好戏","7","2018-08-10(中国大陆)","剧情 喜剧","黄渤 舒淇 王宝强 张艺兴 于和伟 王迅 李勤勤 李又麟 宁浩 管虎 梁静 徐峥 陈德森 张磊","黄渤"
"26988000","开战 En Guerre","8","2018-05-15(戛纳电影节) 2018-05-16(法国)","剧情","文森特·林顿 梅兰妮·罗弗 雅克·博尔德里 戴维·雷伊 奥利维尔·斯勒梅尔 伊莎贝尔·鲁芬","史蒂芬·布塞"
"26992553","皇家酒店谋杀案 Bad Times at the El Royale","7","2018-09-27(奇幻电影节) 2018-10-12(美国)","剧情 悬疑 惊悚 犯罪","杰夫·布里吉斯 辛西娅·艾莉佛 达科塔·约翰逊 乔恩·哈姆 克里斯·海姆斯沃斯 卡莉·史派妮 刘易斯·普尔曼 尼克·奥弗曼 泽维尔·多兰 谢伊·惠格姆 马克·奥布莱恩 查尔斯·哈尔福德 吉姆·奥希尔 瑞贝卡·图兰 比利·威克曼 威廉·B·戴维斯 曼尼·贾希尼托 乔纳森·怀特赛尔 凯瑟琳·伊莎贝尔 萨拉·史密斯","德鲁·高达"
"26994789","天气预爆","4","2018-12-21(中国大陆)","喜剧 奇幻","肖央 杜鹃 常远 小沈阳 岳云鹏 王小利 衣云鹤 蔡明","肖央"
"26996640","反贪风暴3 L風暴","6","2018-09-14(中国大陆) 2018-08-23(香港)","剧情 动作 犯罪","古天乐 张智霖 郑嘉颖 邓丽欣 栢天男 谢天华 张继聪 夏嫣 蔡瀚亿 廖启智 谭耀文 卢海鹏 罗兰 麦长青 张松枝 陈庭欣 丁海峰 冯雷 李昕岳","林德禄 "
"26999424","我的间谍前男友 The Spy Who Dumped Me","6","2018-10-19(中国大陆) 2018-08-03(美国)","喜剧 动作","米拉·库尼斯 凯特·麦克金农 贾斯汀·塞洛克斯 萨姆·修汉 薇尔玛·斯泽克斯 哈桑·明哈杰 凯文·亚当斯 吉莲·安德森 伊万娜·萨赫诺 简·库丁 保罗·雷瑟 弗雷德·迈拉麦德 詹姆斯·弗雷特 卡罗琳·皮克尔斯 贾斯婷·瓦希伯格 汤姆·斯托顿 罗德里克·希尔","苏珊娜·福格尔"
"27003543","与神同行2：因与缘 신과함께-인과 연","7","2018-08-01(韩国)","动作 奇幻","河正宇 朱智勋 马东锡 金香起 李政宰 赵汉哲 金明坤  金东旭 郑惟安 都暻秀","金容华"
"27019982","印度暴徒 Thugs of Hindostan","6","2018-12-28(中国大陆) 2018-11-08(印度)","喜剧 动作 冒险","阿米尔·汗 卡特莉娜·卡芙 阿米达普·巴强 劳埃德·欧文 阿明·阿卜杜勒·奎德 法缇玛·萨那·纱卡 洛尼特·罗伊 杰奇·史洛夫 谢恩·约翰·克鲁格 巴拉特·巴蒂 曼吉特·辛格 乔·阿泽帕迪 穆罕默德·齐尚·艾布 瑟仁德·帕尔 沙棘·乔杜里 罗曼·扬科维奇","维贾伊·克利须那·阿查里雅"
"27027799","王者少年 The Kid Who Would Be King","5","2019-01-25(美国)","奇幻 冒险","路易斯·阿什伯恩·瑟金斯 丹妮斯·高夫 迪安·肖穆 汤姆·泰勒 雷亚安娜·杜瑞斯 内森·斯图尔特-贾瑞特 诺玛·杜梅温尼 丽贝卡·弗格森 马克·博纳尔 安格斯·里 路易斯·马丁 乔伊·安沙 亚当·利斯 亚历山德拉·罗奇 尼克·穆罕默德 帕特里克·斯图尔特 迈拉·麦克法迪 亚当·布克斯顿 克劳迪·布莱克利 吉娜薇·欧瑞丽 露丝·霍洛克斯 贾格·帕特尔 康纳·沃尔夫","乔·考尼什"
"27031237","玻璃先生 Glass","6","2019-01-18(美国)","悬疑 惊悚 犯罪","詹姆斯·麦卡沃伊 布鲁斯·威利斯 塞缪尔·杰克逊 安雅·泰勒-乔伊 莎拉·保罗森 斯宾塞·崔特·克拉克 查莱宁·伍德拉德 卢克·科比  亚当·大卫·汤普森 M·奈特·沙马兰 戴安娜·希维斯 克里·锡安 罗素·普斯勒 罗丝玛丽·霍华德 莱斯利·史蒂芬森 尤基·华盛顿 布赖恩·安东尼·威尔逊 托拜厄斯·西格尔 蒂姆·杜奎特 朱塞佩·阿迪松 大卫·克尼里安 布莱恩·多纳休 奥罗拉·卡琳 迈克尔·J·克雷米 迈克尔·J·莱昂斯","M·奈特·沙马兰"
"27035334","检察方的罪人 検察側の罪人","7","2018-08-24(日本)","剧情 悬疑 犯罪","木村拓哉 二宫和也 吉高由里子 松重丰 大仓孝二 平岳大 八岛智人 矢岛健一 音尾琢真 木村绿子 芦名星 山崎纮菜 山崎努","原田真人"
"27037053","夜以继日 寝ても覚めても","7","2018-05-14(戛纳电影节) 2018-09-01(日本)","剧情 爱情","东出昌大 唐田英里佳 濑户康史 山下莉绪 伊藤沙莉 渡边大知 仲本工事 田中美佐子","滨口龙介"
"27039069","宝贝儿","5","2018-10-19(中国大陆) 2018-09-09(多伦多电影节)","剧情","杨幂 郭京飞 李鸿其","刘杰"
"27040853","协商 협상","7","2018-09-19(韩国)","动作 悬疑 犯罪","孙艺珍 玄彬 金相浩 张荣男 张光 赵勇进 朴成根 朴修荣 金民尚 李诗雅 崔秉默 李贤 金熙镇 李珠英 康德铉 李文植","李钟奭"
"27042467","摇摆狂潮 스윙키즈","8","2018-12-19(韩国)","剧情 歌舞 战争","都暻秀 朴慧秀 吴政世 金民浩 朴真珠 白仁权 杰瑞德·格里姆斯 罗斯·凯特尔","姜炯哲"
"27042544","邻座的怪同学 となりの怪物くん","6","2018-04-27(日本)","剧情 喜剧 爱情","菅田将晖 土屋太凤 古川雄辉 山田裕贵 池田依来沙 滨边美波 佐野岳 佐野史郎 速水直道","月川翔"
"27045615","未来的未来 未来のミライ","7","2018-05-16(戛纳电影节) 2018-07-20(日本)","动画 奇幻","上白石萌歌 黑木华 星野源 麻生久美子 吉原光夫 宫崎美子 神田松之丞 本渡枫 畠中祐 真田麻美 役所广司 中村正 山像香 玉川纱己子 井上肇 加藤虎之介 真凛 福山雅治","细田守"
"27050133","死寂 The Silence","6","2019-04-10(美国)","恐怖","琪兰·席普卡 斯坦利·图齐 米兰达·奥图 约翰·考伯特 萨拉·阿伯特 凯尔·布瑞特科夫 邓普斯·布瑞克 比利·麦克莱伦 泰勒·拉芙","约翰·R·莱昂耐迪"
"27055378","白小姐 미쓰백","7","2018-10-11(韩国)","剧情","韩智敏 金诗雅 李熙俊 权素贤 白秀章 金善映 全锡浩 李周英 赵敏俊  金俊范 郑京虎 金浩昌 刘贞莱 尹颂雅 琴东贤 李静恩 张荣男","李智媛"
"27060077","绿皮书 Green Book","9","2019-03-01(中国大陆) 2018-09-11(多伦多电影节) 2018-11-16(美国)","剧情 喜剧 传记","维果·莫腾森 马赫沙拉·阿里 琳达·卡德里尼 塞巴斯蒂安·马尼斯科 迪米特·D·马里诺夫 迈克·哈顿 P·J·伯恩 乔·柯蒂斯 玛姬·尼克松 冯·刘易斯 乔恩·索特兰 唐·斯达克 安东尼·曼加诺 保罗·斯隆 珍娜·劳伦索 肯尼斯·以色列 伊克博·塞巴 尼克·瓦莱隆加 大卫·安 迈克·切罗内 杰拉尔丁·辛格 马丁·巴特斯·布拉德福德 格拉伦·布莱恩特·班克斯 汤姆·维图 夏恩·帕特洛 丹尼斯·W·霍尔 吉姆·克洛克 戴恩·罗兹 布赖恩·斯特帕尼克 乔恩·迈克尔·戴维斯 布莱恩·海耶斯·库瑞 托尼亚·马尔多纳多","彼得·法雷里"
"27062637","利兹与青鸟 リズと青い鳥","9","2018-04-21(日本)","剧情 动画 音乐","种崎敦美 东山奈央 本田望结 藤村鼓乃美 山冈百合 杉浦诗织 黑泽朋世 朝井彩加 丰田萌绘 安济知佳 桑岛法子 中村悠一 樱井孝宏","山田尚子"
"27065898","神探蒲松龄","4","2019-02-05(中国大陆)","喜剧 动作 奇幻","成龙 阮经天 钟楚曦 林柏宏 林鹏 乔杉 潘长江 苑琼丹 刘智福 刘智满 刘智堂 姜嫄","严嘉"
"27066184","被抹去的男孩 Boy Erased","7","2018-09-01(特柳赖德电影节) 2018-11-02(美国)","剧情 同性 传记","卢卡斯·赫奇斯 妮可·基德曼 罗素·克劳 玛德琳·克莱因 维克托·麦凯 大卫·约瑟夫·克雷格 特洛耶·希文 艾米丽·辛克尔 德文·迈克尔 马特·伯克 林赛·莫泽 杰西·拉图雷特 布里顿·瑟尔 大卫·迪特莫尔 威廉·吴 乔尔·埃哲顿 泽维尔·多兰 蒂姆·韦尔 弗利 兰德尔·P·海文斯 乔·阿尔文","乔尔·埃哲顿"
"27069427","黄金兄弟","5","2018-09-21(中国大陆) 2018-09-20(香港)","动作 犯罪","郑伊健 陈小春 谢天华 钱嘉乐 林晓峰 曾志伟 佘诗曼 张雅玫 吴永伦","钱嘉乐"
"27072795","幸福的拉扎罗 Lazzaro felice","9","2018-05-13(戛纳电影节) 2018-05-31(意大利)","剧情 奇幻","阿德里亚诺·塔尔迪奥洛 阿涅塞·格拉齐亚尼 卢卡·奇科瓦尼 阿尔巴·罗尔瓦赫尔 塞尔希·洛佩斯 纳塔利诺·巴拉索 托马索·拉尼奥 尼可莱塔·布拉斯基 达里亚·帕斯卡·阿托利尼 达维德·登奇 帕斯夸丽纳·斯昆恰","阿莉切·罗尔瓦赫尔"
"27072988","一个小忙 A Simple Favor","7","2018-09-14(美国)","剧情 悬疑 犯罪","安娜·肯德里克 布蕾克·莱弗利 亨利·戈尔丁 伊恩·霍 约书亚·萨坦 格伦达·布拉甘扎 安德鲁·兰内斯 凯利·麦柯马克 阿帕纳·纳彻 达斯汀·米利甘 丹妮尔·布尔贡 吉亚·桑德赫 鲁伯特·弗兰德 诺林·古拉姆高斯 巴希尔·萨拉赫丁 梅洛迪·约翰逊 麦丽莎·奥尼尔 埃里克·约翰逊 琳达·卡德里尼 莎拉·贝克 珍·斯马特 莱斯勒·唐纳森 克里斯·欧文斯 罗莎娜·斯科托 多梅尼克·塞纳 辛迪·戴","保罗·费格"
"27073234","憨豆特工3 Johnny English Strikes Again","6","2018-11-23(中国大陆) 2018-10-05(英国) 2018-10-26(美国)","喜剧 动作 冒险","罗温·艾金森 本·米勒 欧嘉·柯瑞兰寇 杰克·莱西 艾玛·汤普森 米兰达·亨妮莎 亚当·詹姆斯 萨曼莎·罗素 大卫·穆梅尼 通恰伊·古奈什 梶冈润一 埃迪·奥康奈尔 尼克·欧文福特 马修·比尔德","大卫·科尔"
"27074301","德鲁大叔 Uncle Drew","6","2019-01-11(中国大陆) 2018-06-29(美国)","喜剧 运动","凯里·欧文 里尔·莱尔·哈瓦瑞 沙奎尔·奥尼尔 克里斯·韦伯 雷吉·米勒 内特·罗宾逊 丽萨·莱斯利 埃丽卡·阿什 蒂凡尼·哈迪斯 尼克·克罗尔 迈克·艾普斯 J·B·斯穆夫 亚当·拉扎尔-怀特 比尔·沃尔顿 乔治·格文 史蒂夫·纳什 迪肯贝·穆托姆博 宁宁·利克斯 特伦斯·罗斯摩尔 德韦恩·博伊德 以利亚·埃弗雷特 盖奇·劳森","查尔斯·斯通三世"
"27087130","假若比尔街能说话 If Beale Street Could Talk","6","2018-09-09(多伦多电影节) 2018-12-14(美国)","剧情 爱情 犯罪","琪琪·莱恩 史蒂芬·詹姆士 雷吉娜·金 科尔曼·多明戈 泰娜·帕丽斯 迈克尔·比奇 安洁纽·艾莉丝 埃博妮·奥西迪安 多米尼克·索恩 迭戈·卢纳 芬·维特洛克 艾德·斯克林 艾米莉·里奥斯 佩德罗·帕斯卡 布莱恩·泰里·亨利 玛西娅·让·库尔茨 戴夫·弗兰科 马科·查卡 费斯·洛根 桃乐丝·麦卡锡","巴里·詹金斯"
"27088750","我身体里的那个家伙 내안의 그놈","7","2019-01-09(韩国)","剧情 喜剧","郑真英 朴圣雄 罗美兰 李垂珉 李俊赫 金光奎 闵智雅 尹敬浩 金贤莫 朴庆惠","姜孝镇"
"27092648","蒙上你的眼 Bird Box","7","2018-12-13(美国点映) 2018-12-21(美国)","剧情 科幻 惊悚","桑德拉·布洛克 崔凡特·罗兹 约翰·马尔科维奇 莎拉·保罗森 杰基·韦佛 罗莎·萨拉查 丹妮尔·麦克唐纳 里尔·莱尔·哈瓦瑞 汤姆·霍兰德 机关枪凯利 黄荣亮 普路特·泰勒·文斯 维维恩·莱拉·布莱尔 帕敏德·纳格拉 丽贝卡·彼得根 艾米·古麦尼克 泰勒·汉德雷 海皮·安德森 大卫·达斯马齐连 基思·雅各 克里斯托弗洛根 弗兰克·莫特克 泰德·霍利斯 麦特·伦纳德","苏珊娜·比尔"
"27092785","李茶的姑妈","5","2018-09-30(中国大陆)","喜剧","黄才伦 艾伦 宋阳 卢靖姗 沈腾 韩彦博 陈冰 张镨冉 王宇 赵雪 常远 王成思 张琛 魏玮 陶亮 朱微玮 芦莹 李海银 何子君 高海宝 刘坤 钱晨光 乌日塔 杨洁 向斐 何孟卓 王野苓 喜子 张琳","吴昱翰"
"27102569","悲伤逆流成河","6","2018-09-21(中国大陆)","剧情 爱情","赵英博 任敏 辛云来 章若楠 朱丹妮","落落"
"27107140","我想吃掉你的胰脏 君の膵臓をたべたい","7","2019-01-18(中国大陆) 2018-09-01(日本)","爱情 动画","高杉真宙 Lynn 藤井雪代 内田雄马 福岛润 田中敦子 三木真一郎","牛岛新一郎"
"27109171","娑婆诃 사바하","7","2019-02-20(韩国)","剧情 悬疑 惊悚","李政宰 朴正民 李在仁 陈善圭","张宰贤"
"27109553","无间炼狱 Destroyer","6","2018-08-31(特柳赖德电影节) 2018-12-25(美国)","剧情 惊悚 犯罪","妮可·基德曼 托比·凯贝尔 塔提阿娜·玛斯拉尼 塞巴斯蒂安·斯坦 斯科特·麦克纳里 布莱德利·惠特福德 托比·胡斯 詹姆斯·乔丹 博·纳普 杰德·佩蒂约翰 沙米尔·安德森 娜塔丽·科尔多瓦 余朝汉 简·霍格 米奇·奥黑根 布兰顿·莫拉莱斯 杰伊·赫农 乔治·格里菲斯 布瑞恩·汉福德 寇比·法兰奇 丹尼尔·索斯沃思 莫妮克·盖尔","卡瑞恩·库萨马"
"27109679","密室逃生 Escape Room","7","2019-01-18(中国大陆) 2019-01-04(美国)","悬疑 惊悚","泰勒·拉塞尔 洛根·米勒 黛博拉·安沃尔 泰勒·莱伯恩 杰·埃利斯 尼克·多达尼 杰西卡·萨顿 约里克·范·韦杰宁根 杰米-李·蒙尼 亚当·罗比特尔 韦尔·廷德尔 肯尼思·霍 科尼利厄斯·吉尼 保罗·汉普赛尔 佩泰·塞彭克 丹·格伦伯格 吉诺·李","亚当·罗比特尔"
"27109879","硬核 ハード・コア","6","2018-10-31(东京电影节) 2018-11-23(日本)","喜剧","山田孝之 佐藤健 荒川良良 石桥桂 首くくり栲象 康巢恩 藤原季节 松隆子","山下敦弘"
"27110296","无名之辈","8","2018-11-16(中国大陆)","剧情 喜剧","陈建斌 任素汐 潘斌龙 章宇 王砚辉 九孔 马吟吟 程怡 宁桓宇 邓恩熙 谢波 范翔 赵梓冲 史策 马睿瀚 林海 邓钢","饶晓志"
"27110363","名侦探柯南：零的执行人 名探偵コナン ゼロの執行人","6","2018-11-09(中国大陆) 2018-04-13(日本)","动画 悬疑","高山南 山口胜平 山崎和佳奈 小山力也 绪方贤一 林原惠美 古谷彻 置鲇龙太郎","立川让"
"27114416","廉政风云 廉政風雲 煙幕","5","2019-02-05(中国大陆/香港)","剧情 悬疑 犯罪","刘青云 张家辉 林嘉欣 袁咏仪 方中信 陈家乐 汤怡 骆应钧 吴岱融 常倩 吴浩康","麦兆辉"
"27119586","谁先爱上他的 誰先愛上他的","9","2018-04-22(乌迪内远东电影节) 2018-11-02(台湾)","剧情 喜剧 同性","邱泽 谢盈萱 陈如山 黄圣球 周洺甫 梁正群 杨丽音 安哲 高隽雅 吴定谦 禾语辰 钟欣凌 万芳 高爱伦","徐誉庭 许智彦"
"27133303","超时空同居","7","2018-05-18(中国大陆)","喜剧 爱情 奇幻","雷佳音 佟丽娅 张衣 于和伟 王正佳 陶虹 李念 李光洁 杨玏 范明 徐峥 杨迪 方龄 陈昊","苏伦"
"27133913","黑色党徒 BlacKkKlansman","7","2018-05-14(戛纳电影节) 2018-08-10(美国)","剧情 传记 犯罪","约翰·大卫·华盛顿 亚历克·鲍德温 小伊塞亚·维特洛克 罗伯特·约翰·伯克 布赖恩·塔伦蒂诺 阿瑟·J·纳斯加勒拉 根·加里托 弗雷德里克·韦勒 亚当·德赖弗 迈克尔·布谢米 劳拉·哈里尔 达马里斯·刘易斯 奥托·布兰克森-伍德 科里·霍金斯 法龙·索尔兹伯里 瑞安·艾戈尔德 加斯帕·帕科农 保罗·沃尔特·豪泽 阿什莉·阿特金森 托弗·戈瑞斯 维克托·科利采奇奥 埃莉斯·哈德森 丹尼·霍奇 尼古拉斯·特图罗 哈里·贝拉方特 克里斯·班克斯 克雷格·穆姆斯·格兰特 汤姆·斯特拉特福 唐纳德·特朗普 保罗·迪奥梅德 赖恩·普雷姆斯伯格 吉娜·贝拉方特 迈克尔·J·伯格 柯特·克伦德尼 大卫·杜克","斯派克·李"
"27140071","找到你","7","2018-10-05(中国大陆) 2018-06-17(上海电影节)","剧情 家庭","姚晨 马伊琍 袁文康 吴昊宸 王梓尘 陶昕然 高叶 齐欢","吕乐"
"27149818","胖子行动队","4","2018-09-30(中国大陆)","喜剧 动作","文章 包贝尔 郭京飞 李成敏 辣目洋子 许君聪 曾一竣 张梦露 戚玉武 仓田保昭 木幡龙 宋佳 文隽","包贝尔"
"27150284","速成家庭 Instant Family","8","2018-11-16(美国)","剧情 喜剧","马克·沃尔伯格 萝丝·拜恩 伊莎贝拉·莫奈 古斯塔夫·奇洛兹 朱莉安娜·甘米兹 奥克塔维亚·斯宾瑟 泰格·诺塔洛 汤姆·赛格拉 艾琳·瑞秋 布瑞特·伦茨勒 玛格·马丁戴尔 朱丽·哈基提 迈克尔·奥吉弗 琼·库萨克 加里·维克斯 乔伊·雅各布森 安德利娅·安德斯 肯尼斯·以色列 兰德尔·P·海文斯 埃莱扎·施莱辛格 哈维尔·朗塞罗斯 伊芙·哈洛 约瑟琳·雷耶斯 约翰·麦康奈尔 查利·麦克德莫特 埃里卡 ·比尔曼 卡尔森·霍尔姆斯 维勒特·罗德里格斯 艾米丽塔·T·冈萨雷斯 帕蒂·舍尔哈斯 本杰明·韦弗 玛丽亚·Z·威尔逊","西恩·安德斯"
"27160618","阳光姐妹淘 SUNNY 強い気持ち・強い愛","9","2018-08-31(日本)","剧情 喜剧 歌舞","筱原凉子 广濑铃 板谷由夏 小池荣子 友坂理惠 渡边直美 池田依来沙 山本舞香 野田美桜 田边桃子 富田望生 三浦春马 中川雅也 新井浩文 矢本悠马","大根仁"
"27166442","夏目友人帐 劇場版 夏目友人帳 ～うつせみに結ぶ～","8","2019-03-07(中国大陆) 2018-09-29(日本)","剧情 动画 奇幻","神谷浩史 井上和彦 高良健吾 小林沙苗 泽城美雪 石田彰 藤村步 村濑步 伊藤美纪 伊藤荣次 堀江一真 佐藤利奈 木村良平 菅沼久义 雪野五月 川澄绫子 樋口晓里 冈村明美 黑田崇矢 长岛雄一 松山鹰志 下崎纮史 知桐京子 岛本须美","大森贵弘 伊藤秀树"
"27176742","驭风男孩 The Boy Who Harnessed the Wind","8","2019-01-25(圣丹斯电影节) 2019-03-01(英国)","剧情","切瓦特·埃加福特 麦斯威尔·辛巴 莉莉·班达 爱伊莎·玛依卡 诺玛·杜梅温尼 约瑟夫·马塞尔","切瓦特·埃加福特"
"27179199","本回家了 Ben is Back","7","2019-04(中国大陆) 2018-09-08(多伦多电影节) 2018-12-07(美国)","剧情","朱莉娅·罗伯茨 卢卡斯·赫奇斯 考特尼·万斯 凯瑟琳·纽顿 雷切尔·贝·琼斯 戴维·萨迪瓦尔 亚历山德拉·帕克 迈克尔·埃斯佩尔 蒂姆·金尼 迈拉·卢克利希亚·泰勒 克里斯汀格里菲斯 亨利·斯特拉姆 比尔·布尔 亚历山德拉·艾布拉姆斯 费斯·洛根 罗伯特·迈尔斯 肖恩·雷伊","彼得·赫奇斯"
"27180356","完美的他人 완벽한타인","7","2018-10-31(韩国)","剧情 喜剧","柳海真 赵震雄 李瑞镇 廉晶雅 金智秀 宋昰昀 尹敬浩 智友","李宰圭"
"27180599","极线杀手 Polar","7","2019-01-25(美国)","动作","麦斯·米科尔森 凡妮莎·哈金斯 凯瑟琳·温妮克 罗伯特·梅耶 马特·卢卡斯 露比·欧·菲 阿伊莎·伊萨 阿纳斯塔西娅·玛莉尼娜 佩德罗·米盖尔·阿尔斯 约翰尼·诺克斯维尔 罗维娜·亚瓦里 任霏 克雷格·伯纳托夫斯基 米歇尔·C·福柯","乔纳斯·阿克伦德"
"27191173","恋如雨止 恋は雨上がりのように","7","2018-05-25(日本)","剧情 爱情","小松菜奈 大泉洋 清野菜名 矶村勇斗 叶山奖之 松本穗香 山本舞香 滨田麻里 户次重幸 吉田羊","永井聪"
"27197086","国家破产之日 국가부도의 날","7","2018-11-28(韩国)","剧情","金惠秀 刘亚仁 许峻豪 赵宇镇 文森特·卡索","崔国熙"
"27199577","银魂2 銀魂2 掟は破るためにこそある","7","2018-08-17(日本)","喜剧 动作 冒险","小栗旬 菅田将晖 桥本环奈 柳乐优弥 吉泽亮 三浦春马 洼田正孝 室毅 长泽雅美 冈田将生 木村绿子 佐藤二朗 中村勘九郎 堂本刚 堤真一 胜地凉 夏菜 户塚纯贵 立木文彦","福田雄一"
"27201353","大师兄 大師兄","5","2018-08-24(中国大陆)","喜剧 动作","甄子丹 陈乔恩 喻亢 骆明劼 汤君慈 汤君耀 李靖筠 刘朝健 林秋楠 云千千 林嘉华 张坚庭 骆应钧 李枫 欧阳伟豪 楼南光 张文杰","阚家伟"
"27597250","极限职业 극한직업","8","2019-01-23(韩国)","喜剧 动作 犯罪","柳承龙 李东辉 李荷妮 陈善圭 申河均","李炳宪"
"27597950","64号病历 Journal 64","7","2018-10-04(丹麦)","悬疑 惊悚 犯罪","尼古拉·雷·卡斯 法瑞斯·法瑞斯 约翰妮·路易斯·施密特 索伦·比尔马克 范妮·博内代尔 克拉拉·罗萨杰 路易斯·斯科夫 阿曼达·拉德里亚克 安德斯·霍夫 尼可拉斯·布若 埃利奥特·克罗赛特·霍夫 碧尔特·诺伊曼 迈克尔·布罗斯楚普 玛丽安·霍格斯布罗 薇比珂·哈斯特伦 特赖恩·帕里森 纳斯塔加·阿尔赛 亨里克·韦斯特加德·尼尔森 拉多·哈季奇 安德斯·布林克·马德森 旺达·佩德尔维茨","克里斯托弗·鲍伊"
"27601006","翠丝 翠絲","7","2018-10-28(东京电影节) 2018-11-22(香港)","剧情 同性","姜皓文 惠英红 黄河 袁富华 余香凝 吴肇轩 周祉君 陈蕾 葛民辉 岑珈其 梁舜燕 顾定轩 黄溢濠 李昭南 陈志全","李骏硕"
"27602116","我的英雄学院：两位英雄 僕のヒーローアカデミア THE MOVIE ～2人の英雄～","7","2019-03-15(中国大陆) 2018-08-03(日本)","动作 动画","山下大辉 三宅健太 志田未来 生濑胜久 冈本信彦 佐仓绫音 石川界人 梶裕贵 增田俊树 广桥凉 畠中祐 井上麻里奈 真堂圭 古岛清孝 奈良彻 西田雅一 细谷佳正 喜多村英梨 悠木碧 名塚佳织 小山力也 小形满 木村良平 大悟 饭田利信 佐藤健辅 富樫美铃 福西胜也 小林爱","长崎健司"
"27604257","响：成为小说家的方法 響 HIBIKI","7","2018-09-14(日本)","剧情","平手友梨奈 北川景子 威尔逊·绫香  高岛政伸 柳乐优弥 野间口彻 小松和重 黑田大辅 板垣瑞生 小栗旬","月川翔"
"27604296","家和万事惊 家和萬事驚","6","2019-01-18(中国大陆)","喜剧 家庭","吴镇宇 古天乐 袁咏仪 张达明 吴肇轩 蔡颂思 黄秋生 林雪 郑丹瑞 卢海鹏 雷琛瑜 江美仪 麦长青 阮文泰 孔令令 梁山山 杨玉梅 谷德昭 利颖怡 李灿森 马蹄露 黄文慧 泰臣 胡枫 苑琼丹 杨诗敏 乔宝宝 庄思敏 王俊棠 刘浩龙 林子聪 陆永 郑诗君 余子明 徐浩昌 安德尊 杨偲泳 罗家英 郑欣宜 麦玲玲","邱礼涛"
"27605698","西虹市首富","6","2018-07-27(中国大陆)","喜剧","沈腾 宋芸桦 张一鸣 张晨光 常远 魏翔 赵自强 九孔 李立群 王成思 徐冬冬 艾伦 杨皓宇 黄才伦 王力宏 包贝尔 郎咸平 张绍刚 杨文哲 陶亮 王赞 黄杨 刘鉴 杨沅翰 林炳宝 骆佳 陈昊明 臧一人","闫非 彭大魔"
"27607255","自由了！ En liberté!","7","2018-05-14(戛纳电影节) 2018-10-31(法国)","剧情 喜剧 犯罪","阿黛拉·哈内尔 皮奥·马麦 奥黛丽·塔图 达米安·勃纳尔 樊尚·埃尔巴兹 霍钦·丘特里 奥克塔夫·波斯维特 克里斯多夫·泰克","皮埃尔·沙尔瓦多利"
"27607378","龙珠超：布罗利 ドラゴンボール超 ブロリー","8","2019(中国大陆) 2018-12-14(日本)","动画","野泽雅子 堀川亮 中尾隆圣 岛田敏 古川登志夫 久川绫 山寺宏一 森田成一 水树奈奈 杉田智和 宝龟克寿","长峰达也"
"27615233","你好，之华","7","2018-11-09(中国大陆)","剧情 爱情","周迅 秦昊 杜江 张子枫 邓恩熙 边天扬 吴彦姝 谭卓 胡歌 胡昌霖 李春明 穆龙 刘靖宇 高炳然 白素娟 刘思博 常海波 李勇 刘笑语 赵芙丽 建圳 郭德诚 王靖宇 孙萍 李泽宇 仇硕康 艺涵 李昊芳 王子璇 王远达 于建波 张俊宇","岩井俊二"
"27617348","门锁 도어락","7","2018-12-05(韩国)","悬疑 惊悚","孔晓振 金叡园 金圣武 赵福来 李家燮 李天熙 金在华","李权"
"27622447","小偷家族 万引き家族","9","2018-08-03(中国大陆) 2018-05-13(戛纳电影节) 2018-06-08(日本)","剧情 家庭 犯罪","中川雅也 安藤樱 松冈茉优 城桧吏 佐佐木美结 树木希林 绪形直人 池松壮亮 森口瑶子 山田裕贵 片山萌美 柄本明 高良健吾 池胁千鹤","是枝裕和"
"30122633","快把我哥带走","7","2018-08-17(中国大陆)","喜剧 奇幻","张子枫 彭昱畅 赵今麦 孙泽源 周翊然 刘冠毅 姜宏波 徐光宇","郑芬芬"
"30135113","骡子 The Mule","8","2018-12-14(美国)","剧情 悬疑 惊悚 犯罪","克林特·伊斯特伍德 Patrick L. Reyes Cesar De León Gustavo Muñoz Jackie Prucha 理查德·赫德 Adam Drescher Christi McClintock Keith Flippen 艾莉森·伊斯特伍德 黛安·韦斯特 乔·奈泽维奇 泰莎·法米加 维克多·罗塞克 罗伯特·拉萨多 劳伦斯·菲什伯恩 布莱德利·库珀 迈克尔·佩纳 尤金·科德罗 诺尔·古格雷米 安迪·加西亚 小克利夫顿·克林斯 丹尼尔·蒙卡达 伊格纳西奥·塞利齐奥 保罗·阿拉约 卡里姆·J.格里梅斯 迭戈·卡塔诺 迪伦·库斯曼 皮特·布里斯 劳恩·迪恩 曼尼·蒙塔纳 洛博·塞巴斯蒂安 泰丝·马里斯·金凯德 贝琪·阿尔特林格 蒂莫西·卡尔 吉尔·弗林特 凯蒂·吉尔 杰伦·戈登 杰伊·古铁雷斯 塞西尔·M·亨利 雷·埃尔南德斯 肖恩·麦克米伦 德文·奥格登 帕蒂·舍尔哈斯","克林特·伊斯特伍德"
"30143523","死亡天使 El ángel","7","2018-05-12(戛纳电影节) 2018-08-09(阿根廷)","剧情 同性 传记 犯罪","洛伦佐·法罗 奇诺·达林 丹尼尔·凡尼戈 梅赛黛斯·莫朗 玛莱娜·维拉 塞西莉亚·罗特 索菲亚·伊内斯·托尔内 皮特·蓝萨尼 马塞洛·坎切米 路易斯·尼科 威廉·普罗赛克","路易斯·奥特加"
"30146756","风语咒","7","2018-08-03(中国大陆)","动画 奇幻","路知行 阎萌萌 褚珺 边江 山新 郭政建 张震 苗壮 王冠南 张博恒 惠龙 王凯 苏俣 白雪岑 赵述仁 刘梓乾 王思琦 刘美奂","刘阔"
"30154537","高潮 Climax","6","2018-05-13(戛纳电影节) 2018-09-19(法国)","剧情 惊悚 歌舞","索菲亚·波多拉 Romain Guillermic Souheila Yacoub Kiddy Smile Claude Gajan Maull Giselle Palmer Taylor Kastle Thea Carla Schott Sharleen Temple Lea Vlamos","加斯帕·诺"
"30156898","肆式青春 詩季織々","5","2018-08-04(日本/中国大陆)","动画","坂泰斗 寿美菜子 白石晴香 安元洋贵 大冢刚央 长谷川育美 白客 彭师欣 唐雅菁 陈颖晖 梁达伟 林美玉","李豪凌 易小星 竹内良贵"
"30158971","企鹅公路 ペンギン・ハイウェイ","8","2018-08-17(日本)","动画","北香那 苍井优 钉宫理惠 潘惠美 福井美树 能登麻美子 久野美咲 西岛秀俊 竹中直人","石田祐康"
"30162520","盛夏 Лето","8","2018-05-09(戛纳电影节) 2018-06-07(俄罗斯)","音乐 传记","刘太旿 伊琳娜·斯达申鲍姆 罗曼·比利克 菲利普·阿杰耶夫 亚历山大·戈尔奇林 尼基塔·叶甫列莫夫 尤利娅·奥格 叶莲娜·科连诺娃 莉亚·阿赫扎科娃 安东·阿达辛斯基","基里尔·谢列布连尼科夫"
"30163509","飞驰人生","7","2019-02-05(中国大陆)","喜剧","沈腾 黄景瑜 尹正 张本煜 尹昉 田雨 魏翔 赵文瑄 腾格尔 易小星 李庆誉 高华阳 刘帅良 李玲玉 何穗 潘晓婷 田沅 李春嫒 冯绍峰","韩寒"
"30164711","咖啡未冷前 コーヒーが冷めないうちに","7","2018-09-21(日本)","剧情 爱情 奇幻","有村架纯 伊藤健太郎 波瑠 林遣都 深水元基 松本若菜 药师丸博子 吉田羊 松重丰 石田百合子","冢原亚由子"
"30170448","何以为家 كفرناحوم","9","2019(中国大陆) 2018-05-17(戛纳电影节) 2018-09-20(黎巴嫩)","剧情","赞恩·阿尔·拉菲亚 约丹诺斯·希费罗 博鲁瓦蒂夫·特雷杰·班科尔 卡萨尔·艾尔·哈达德 法迪·尤瑟夫 海塔·塞德拉·伊扎姆 阿拉·乔什涅 娜丁·拉巴基 埃利亚斯·库利 努尔·艾尔·侯赛尼","娜丁·拉巴基"
"30176282","词典 말모이","8","2019-01-09(韩国)","剧情 历史","柳海真 尹启相 金弘波 禹贤 金太勋 艺秀晶","严宥娜"
"30181130","阿拉姜色","8","2018-10-26(中国大陆) 2018-06-23(上海电影节)","剧情 家庭","容中尔甲 尼玛颂宋 赛却加","松太加"
"30192401","气球 Ballon","8","2018-09-27(德国)","剧情 惊悚 历史","弗莱德里奇·穆克 卡罗利妮·舒赫 大卫·克劳斯 艾丽西娅·冯·里特贝格 托马斯·克莱舒曼 乔纳斯·霍登里德尔 蒂尔曼·多布勒 克里斯蒂安·纳斯 罗纳德·库克利斯 塞巴斯蒂安·胡克 乌尔里奇·布兰德霍夫 柏恩德·麦克·莱德 凯·伊沃·保利兹 贝恩德·斯特格曼 安婕·特拉乌","米夏埃尔·赫尔比希"
"30194752","边境 Gräns","7","2018-05-10(戛纳电影节) 2018-08-31(瑞典)","剧情 惊悚 奇幻","埃娃·梅兰德 埃罗·米洛诺夫 约根·托尔松 安·彼得伦 斯坦·伦格伦 马蒂·博斯泰特 维克托·奥克布卢姆-尼尔松 纳塔莉 明妮威克","阿里·阿巴西"
"30194769","女孩 Girl","8","2018-05-12(戛纳电影节) 2018-11-01(荷兰)","剧情 同性","维克托·波尔斯特 阿里耶·沃索尔特 奥利弗·博达特 蒂伊门·戈瓦尔茨 卡特简·达门 瓦伦提金·达恩斯 克里斯·泰斯 安吉洛·提森 艾莉西亚·德佩克","卢卡斯·德霍特"
"30201003","寄宿学校 Boarding School","7","2018-08-31(美国)","悬疑 恐怖","卢克·普拉尔 斯特林·杰里斯 威尔·帕顿 科比·乔治 卡丁·乔治 尼古拉斯·J·奥利韦里 萨曼莎·玛西丝 罗伯特·约翰·伯克 纳迪娅·亚历山大 露西·沃特斯 坦米·布兰查德 大卫·阿隆·贝克","鲍兹·亚金"
"30209818","忌日快乐2 Happy Death Day 2U","7","2019-02-13(美国)","悬疑 惊悚 恐怖","杰西卡·罗德 伊瑟尔·布罗萨德 露比·莫迪恩 苏拉·沙玛 史蒂夫·齐西斯 瑞秋·马休斯 查尔斯·艾特肯 莎拉·亚金 凯莱布·斯比尔亚兹 吉吉·埃内塔 劳拉·克利夫顿 温迪·米克洛维奇 凯勒布·拿奎恩 肯尼斯·以色列 泰内娅·因崔亚戈 布莱恩·克恩 川川 卡瑞尔拉·史密斯 罗布·梅洛 林赛·G·史密斯 飞·武 莎拉·贝纳尼 杰奎琳·哈里斯·马瑟恩 西尔维娅·格雷丝·克里姆 拉姆齐·安德森","克里斯托弗·兰登"
"30218116","哈纳莱伊湾 ハナレイ・ベイ","7","2018-10-19(日本)","剧情","吉田羊 佐野玲於 村上虹郎 佐藤魁 栗原类","松永大司"
"30223840","脱欧：无理之战 Brexit: The Uncivil War","8","2019-01-07(英国) 2019-01-19(美国)","剧情","本尼迪克特·康伯巴奇 李·博德曼 奥利弗·莫尔特曼 马尔科姆·弗里曼 莎拉·贝尔彻 露西·拉塞尔 奥利佛·伯奇 罗斯·哈特 利兹·怀特 西蒙·戴伊 约翰·赫夫南 保罗·莱恩 凯特·奥弗林 蒂姆·迈克穆兰 理查德·杜登 罗里·金奈尔 安贾纳·瓦桑 凯尔·索列尔 亚丁·吉勒特","托比·海恩斯"
"30242164","海吉拉","7","2018-06-10(台湾)","剧情 爱情","许光汉 姚爱宁 林意箴","蔡宓洁"
"30263995","一吻定情","5","2019-02-14(中国大陆)","喜剧 爱情","王大陆 林允 陈柏融 蔡思韵 邰智源 李铭顺 钟丽缇 郭书瑶","陈玉珊"
"30287729","正义联盟大战致命五人组 Justice League vs. The Fatal Five","6","2019-03-30(美国)","动画","凯文·康瑞 乔治·纽伯恩 苏珊·爱森伯格 丹妮拉·玻芭迪拉 素玛立·蒙塔诺 菲利普·安东尼-罗德里格斯 马修·杨·金 塔拉·斯特朗 黛安·格雷罗","刘山姆"
"30299345","康斯坦丁：恶魔之城 电影版 Constantine City of Demons: The Movie","7","2018-10-09(美国)","动画 恐怖 奇幻","马特·瑞安 达米恩·奥哈尔 劳拉·贝莉 艾米丽·奥布莱恩 罗宾·阿特金·唐斯 雷切尔·金西 吉姆·麦司奇门 凯文·迈克尔·理查德森","道格·墨菲"
"30300277","T-34坦克 T-34","8","2018-12-27(俄罗斯)","动作 历史 战争","亚历山大·佩特罗夫 文森兹·凯弗 维克多·多勃朗拉沃夫 伊琳娜·斯达申鲍姆 谢苗·特列斯库诺夫 尤利斯·鲍里索夫 阿尔焦姆·贝斯特罗夫 约书亚·格罗斯 伊格·克里普诺夫 彼得·斯科沃尔佐夫","阿列克赛·西多洛夫"
"30306764","证人 증인","8","2019-02-13(韩国)","剧情 惊悚","郑雨盛 金香起 李圭亨 廉惠兰 张荣男 郑元中 金正洙 金学善","李翰"
"30317630","坏种 The Bad Seed","7","2018-09-09(美国)","剧情 悬疑 恐怖","麦肯娜·格瑞丝 卡拉·布欧诺 罗伯·劳 帕蒂·麦克马科 莎拉·杜格代尔 凯特·艾萨克 肖娜·约翰尼森 卢克·勒斯勒尔 约翰·埃梅特·特雷西 艾玛·梅里纳 玛茜·T·豪斯 洛恩·卡迪纳尔","罗伯·劳"
"30327897","漫长的告别 長いお別れ","8","2019-03-26(香港电影节) 2019-05(日本)","剧情 家庭","苍井优 竹内结子 松原智惠子 山崎努 蒲田优惟人 中村伦也 北村有起哉 杉田雷麟 清水久留巳 仓野章子 不破万作 冈山一 池谷伸枝 藤原季节 小市慢太郎","中野量太"
"30331149","白蛇：缘起","8","2019-01-11(中国大陆)","爱情 动画 奇幻","张喆 杨天翔 唐小喜 刘薇 张遥函 郑小璞 张博恒 张赫 马程 程寅 陈霖生 惠龙 林强 章斌 ","黄家康 赵霁"
"30334122","芳龄十六 Level 16","6","2019-03-01(加拿大)","科幻","凯蒂·道格拉斯 塞莉纳·马丁 莎拉·坎宁 阿玛莉亚·威廉姆森 凯特·维克里","丹尼什卡·埃斯特哈奇"
"30334399","三夫","6","2018-10-26(东京电影节)","剧情","曾美慧孜 陈湛文 陈万雷 麦强 邓月平","陈果"
"30335059","熊出没·原始时代","7","2019-02-05(中国大陆)","喜剧 动画 冒险","张伟 张秉君 谭笑 宋祖儿 刘思奇 万丹青 刘沛 孟雨田","丁亮 林汇达"
"30349667","指挥家 De dirigent","7","2018-10-25(荷兰)","传记","克里斯蒂亚娜 ‧德‧布奥恩 本杰明·温赖特 斯科特·特纳·菲尔德 塞马斯·F·萨金特 安妮特·马尔赫毕 雷蒙德·提哈瑞 吉斯·舒尔腾·范·艾查特 理查德·塞梅尔 西恩·托马斯 蒂姆·埃亨 安娜·安顿诺威兹 席琳·珀赛尔 奇普·布雷 玛丽-克莱尔·维特洛克斯 杰里迈亚·弗莱明 詹姆斯·卡罗尔·乔丹","玛利亚·彼特斯"
"30377703","来电狂响","6","2018-12-28(中国大陆)","剧情 喜剧","佟大为 马丽 霍思燕 乔杉 田雨 代乐乐 奚梦瑶 艾伦 张晨光 杨玏 李成敏 许娣 李萍 张帆 徐冬冬 何泓姗 姜来 刘奇 杜江 钟鹿纯 丁龙儿 丁歌 韩昕妤 耿杨 李柄熹 刘润男 贝镜水 李伟 赵宇涵 马嘉璐 津玮 Aleksandr 毕大勋 刘剑 常诚 Natalya 李恬洁 贝乐乐","于淼"
"30412189","罗布奥特曼剧场版：决定了！羁绊的水晶 劇場版 ウルトラマンR/B セレクト！絆のクリスタル","6","2019-03-08(日本)","喜剧 动作 科幻 儿童","平田雄也 小池亮介 其原有沙 真锅薰 山崎银之丞 西井幸人 木下彩音 原日出子 滨田龙臣 内田雄马 汤浅枫 潘惠美","武居正能"
"30414462","黑镜：潘达斯奈基 Black Mirror: Bandersnatch","7","2018-12-28(美国)","剧情 科幻 悬疑 惊悚","菲恩·怀特海德 克雷格·帕金森 爱丽丝·洛维 阿西姆·乔杜里 威尔·保尔特 塔露拉·哈登 卡特里奥·诺克斯 保罗·布拉德利 乔纳森·阿里斯 A·J·霍顿 弗勒尔·基思 劳拉·埃弗兰 阿伦·阿萨德 苏珊妮·伯登 杰夫·明特 乔恩-乔·英克彭 汤姆·麦卡尔 埃利·皮尔西 斯蒂芬·拉什布鲁克 罗森达·桑德尔 桑德拉·特蕾丝","大卫·斯雷德"
